target_name,method,category,quantile,threshold,precision,recall,f1,fpr
best_overall,imagenet_padim,bottle,0.9,648.3726806640625,0.9264705882352942,1.0,0.9618320610687023,0.25
best_overall,imagenet_padim,bottle,0.905,653.5318603515626,0.9402985074626866,1.0,0.9692307692307692,0.2
best_overall,imagenet_padim,bottle,0.91,658.6910400390625,0.9402985074626866,1.0,0.9692307692307692,0.2
best_overall,imagenet_padim,bottle,0.916,664.8820556640625,0.9402985074626866,1.0,0.9692307692307692,0.2
best_overall,imagenet_padim,bottle,0.921,670.0412353515626,0.9402985074626866,1.0,0.9692307692307692,0.2
best_overall,imagenet_padim,bottle,0.926,675.2004150390625,0.9402985074626866,1.0,0.9692307692307692,0.2
best_overall,imagenet_padim,bottle,0.931,680.3595947265626,0.9402985074626866,1.0,0.9692307692307692,0.2
best_overall,imagenet_padim,bottle,0.936,685.5187744140626,0.9402985074626866,1.0,0.9692307692307692,0.2
best_overall,imagenet_padim,bottle,0.942,691.7097900390625,0.9402985074626866,1.0,0.9692307692307692,0.2
best_overall,imagenet_padim,bottle,0.947,696.8689697265623,0.9402985074626866,1.0,0.9692307692307692,0.2
best_overall,imagenet_padim,bottle,0.952,731.7692919921868,0.9402985074626866,1.0,0.9692307692307692,0.2
best_overall,imagenet_padim,bottle,0.957,811.2813281250004,0.9402985074626866,1.0,0.9692307692307692,0.2
best_overall,imagenet_padim,bottle,0.963,906.6957714843734,0.9692307692307692,1.0,0.984375,0.1
best_overall,imagenet_padim,bottle,0.968,986.207807617187,0.9692307692307692,1.0,0.984375,0.1
best_overall,imagenet_padim,bottle,0.973,1065.7198437500006,0.9692307692307692,1.0,0.984375,0.1
best_overall,imagenet_padim,bottle,0.978,1145.2318798828114,0.984375,1.0,0.9921259842519685,0.05
best_overall,imagenet_padim,bottle,0.983,1224.743916015625,0.984375,1.0,0.9921259842519685,0.05
best_overall,imagenet_padim,bottle,0.989,1320.1583593750008,0.984375,1.0,0.9921259842519685,0.05
best_overall,imagenet_padim,bottle,0.994,1399.6703955078117,0.984375,1.0,0.9921259842519685,0.05
best_overall,imagenet_padim,bottle,0.999,1479.1824316406253,0.984375,1.0,0.9921259842519685,0.05
best_overall,imagenet_padim,cable,0.9,3440.7007324218753,0.9387755102040817,0.5,0.6524822695035462,0.05172413793103448
best_overall,imagenet_padim,cable,0.905,3459.279230957031,0.9387755102040817,0.5,0.6524822695035462,0.05172413793103448
best_overall,imagenet_padim,cable,0.91,3516.792006835937,0.9333333333333333,0.45652173913043476,0.6131386861313869,0.05172413793103448
best_overall,imagenet_padim,cable,0.916,3585.807337890625,0.9333333333333333,0.45652173913043476,0.6131386861313869,0.05172413793103448
best_overall,imagenet_padim,cable,0.921,3643.320113769532,0.9333333333333333,0.45652173913043476,0.6131386861313869,0.05172413793103448
best_overall,imagenet_padim,cable,0.926,3700.832889648438,0.9333333333333333,0.45652173913043476,0.6131386861313869,0.05172413793103448
best_overall,imagenet_padim,cable,0.931,3758.345665527345,0.9333333333333333,0.45652173913043476,0.6131386861313869,0.05172413793103448
best_overall,imagenet_padim,cable,0.936,3815.858441406251,0.9333333333333333,0.45652173913043476,0.6131386861313869,0.05172413793103448
best_overall,imagenet_padim,cable,0.942,3884.8737724609373,0.9333333333333333,0.45652173913043476,0.6131386861313869,0.05172413793103448
best_overall,imagenet_padim,cable,0.947,3942.386548339844,0.9333333333333333,0.45652173913043476,0.6131386861313869,0.05172413793103448
best_overall,imagenet_padim,cable,0.952,3999.8993242187485,0.9318181818181818,0.44565217391304346,0.6029411764705882,0.05172413793103448
best_overall,imagenet_padim,cable,0.957,4088.151153808592,0.9523809523809523,0.43478260869565216,0.5970149253731343,0.034482758620689655
best_overall,imagenet_padim,cable,0.963,4197.095564941405,0.9523809523809523,0.43478260869565216,0.5970149253731343,0.034482758620689655
best_overall,imagenet_padim,cable,0.968,4287.882574218749,0.9512195121951219,0.42391304347826086,0.5864661654135338,0.034482758620689655
best_overall,imagenet_padim,cable,0.973,4378.669583496094,0.9487179487179487,0.40217391304347827,0.5648854961832062,0.034482758620689655
best_overall,imagenet_padim,cable,0.978,4469.4565927734375,0.9459459459459459,0.3804347826086957,0.5426356589147286,0.034482758620689655
best_overall,imagenet_padim,cable,0.983,4560.243602050782,0.9411764705882353,0.34782608695652173,0.5079365079365079,0.034482758620689655
best_overall,imagenet_padim,cable,0.989,4669.188013183592,0.9411764705882353,0.34782608695652173,0.5079365079365079,0.034482758620689655
best_overall,imagenet_padim,cable,0.994,4759.975022460936,0.9411764705882353,0.34782608695652173,0.5079365079365079,0.034482758620689655
best_overall,imagenet_padim,cable,0.999,4850.762031738281,0.9411764705882353,0.34782608695652173,0.5079365079365079,0.034482758620689655
best_overall,imagenet_padim,capsule,0.9,1493.7899291992194,0.9565217391304348,0.6055045871559633,0.7415730337078652,0.13043478260869565
best_overall,imagenet_padim,capsule,0.905,1534.9936871337873,0.9565217391304348,0.6055045871559633,0.7415730337078652,0.13043478260869565
best_overall,imagenet_padim,capsule,0.91,1729.072664794921,0.9558823529411765,0.5963302752293578,0.7344632768361582,0.13043478260869565
best_overall,imagenet_padim,capsule,0.916,1961.9674379882824,0.9672131147540983,0.5412844036697247,0.6941176470588235,0.08695652173913043
best_overall,imagenet_padim,capsule,0.921,2156.0464156494163,0.9827586206896551,0.5229357798165137,0.6826347305389222,0.043478260869565216
best_overall,imagenet_padim,capsule,0.926,2350.1253933105495,0.9811320754716981,0.47706422018348627,0.6419753086419753,0.043478260869565216
best_overall,imagenet_padim,capsule,0.931,2544.204370971683,0.9795918367346939,0.44036697247706424,0.6075949367088608,0.043478260869565216
best_overall,imagenet_padim,capsule,0.936,2738.283348632817,0.9782608695652174,0.41284403669724773,0.5806451612903226,0.043478260869565216
best_overall,imagenet_padim,capsule,0.942,2971.178121826172,0.9767441860465116,0.3853211009174312,0.5526315789473685,0.043478260869565216
best_overall,imagenet_padim,capsule,0.947,3165.2570994873054,0.975,0.3577981651376147,0.5234899328859061,0.043478260869565216
best_overall,imagenet_padim,capsule,0.952,3359.3360771484327,0.975,0.3577981651376147,0.5234899328859061,0.043478260869565216
best_overall,imagenet_padim,capsule,0.957,3533.111351562496,0.9736842105263158,0.3394495412844037,0.5034013605442177,0.043478260869565216
best_overall,imagenet_padim,capsule,0.963,3739.6322421874984,0.972972972972973,0.3302752293577982,0.4931506849315068,0.043478260869565216
best_overall,imagenet_padim,capsule,0.968,3911.732984374999,0.9714285714285714,0.3119266055045872,0.4722222222222222,0.043478260869565216
best_overall,imagenet_padim,capsule,0.973,4083.8337265624996,0.9705882352941176,0.30275229357798167,0.46153846153846156,0.043478260869565216
best_overall,imagenet_padim,capsule,0.978,4255.934468750001,0.9696969696969697,0.29357798165137616,0.4507042253521127,0.043478260869565216
best_overall,imagenet_padim,capsule,0.983,4428.035210937501,0.96875,0.28440366972477066,0.4397163120567376,0.043478260869565216
best_overall,imagenet_padim,capsule,0.989,4634.556101562497,0.9666666666666667,0.26605504587155965,0.4172661870503597,0.043478260869565216
best_overall,imagenet_padim,capsule,0.994,4806.656843749998,0.9655172413793104,0.25688073394495414,0.4057971014492754,0.043478260869565216
best_overall,imagenet_padim,capsule,0.999,4978.757585937498,0.9629629629629629,0.23853211009174313,0.38235294117647056,0.043478260869565216
best_overall,imagenet_padim,carpet,0.9,323.3242828369141,0.8811881188118812,1.0,0.9368421052631579,0.42857142857142855
best_overall,imagenet_padim,carpet,0.905,329.2207975769044,0.8811881188118812,1.0,0.9368421052631579,0.42857142857142855
best_overall,imagenet_padim,carpet,0.91,335.1173123168945,0.89,1.0,0.9417989417989417,0.39285714285714285
best_overall,imagenet_padim,carpet,0.916,342.1931300048828,0.898989898989899,1.0,0.9468085106382979,0.35714285714285715
best_overall,imagenet_padim,carpet,0.921,348.0896447448731,0.898989898989899,1.0,0.9468085106382979,0.35714285714285715
best_overall,imagenet_padim,carpet,0.926,353.9611796875001,0.898989898989899,1.0,0.9468085106382979,0.35714285714285715
best_overall,imagenet_padim,carpet,0.931,358.17155810546876,0.898989898989899,1.0,0.9468085106382979,0.35714285714285715
best_overall,imagenet_padim,carpet,0.936,362.38193652343756,0.9081632653061225,1.0,0.9518716577540107,0.32142857142857145
best_overall,imagenet_padim,carpet,0.942,367.43439062499993,0.9081632653061225,1.0,0.9518716577540107,0.32142857142857145
best_overall,imagenet_padim,carpet,0.947,371.64476904296873,0.9081632653061225,1.0,0.9518716577540107,0.32142857142857145
best_overall,imagenet_padim,carpet,0.952,375.85514746093753,0.9081632653061225,1.0,0.9518716577540107,0.32142857142857145
best_overall,imagenet_padim,carpet,0.957,380.0655258789062,0.9081632653061225,1.0,0.9518716577540107,0.32142857142857145
best_overall,imagenet_padim,carpet,0.963,385.1372071533202,0.9175257731958762,1.0,0.956989247311828,0.2857142857142857
best_overall,imagenet_padim,carpet,0.968,391.94325390624994,0.9175257731958762,1.0,0.956989247311828,0.2857142857142857
best_overall,imagenet_padim,carpet,0.973,398.7493006591797,0.9175257731958762,1.0,0.956989247311828,0.2857142857142857
best_overall,imagenet_padim,carpet,0.978,405.5553474121093,0.9175257731958762,1.0,0.956989247311828,0.2857142857142857
best_overall,imagenet_padim,carpet,0.983,412.3613941650391,0.9263157894736842,0.9887640449438202,0.9565217391304348,0.25
best_overall,imagenet_padim,carpet,0.989,420.52865026855466,0.9263157894736842,0.9887640449438202,0.9565217391304348,0.25
best_overall,imagenet_padim,carpet,0.994,427.33469702148443,0.9263157894736842,0.9887640449438202,0.9565217391304348,0.25
best_overall,imagenet_padim,carpet,0.999,434.14074377441403,0.925531914893617,0.9775280898876404,0.9508196721311475,0.25
best_overall,imagenet_padim,grid,0.9,722.6100769042969,0.9444444444444444,0.5964912280701754,0.7311827956989247,0.09523809523809523
best_overall,imagenet_padim,grid,0.905,724.0816268920898,0.9444444444444444,0.5964912280701754,0.7311827956989247,0.09523809523809523
best_overall,imagenet_padim,grid,0.91,725.5531768798828,0.9444444444444444,0.5964912280701754,0.7311827956989247,0.09523809523809523
best_overall,imagenet_padim,grid,0.916,727.3190368652344,0.9444444444444444,0.5964912280701754,0.7311827956989247,0.09523809523809523
best_overall,imagenet_padim,grid,0.921,731.120039367676,0.9444444444444444,0.5964912280701754,0.7311827956989247,0.09523809523809523
best_overall,imagenet_padim,grid,0.926,744.2388519287111,0.9444444444444444,0.5964912280701754,0.7311827956989247,0.09523809523809523
best_overall,imagenet_padim,grid,0.931,757.3576644897463,0.9444444444444444,0.5964912280701754,0.7311827956989247,0.09523809523809523
best_overall,imagenet_padim,grid,0.936,770.4764770507815,0.9714285714285714,0.5964912280701754,0.7391304347826086,0.047619047619047616
best_overall,imagenet_padim,grid,0.942,786.2190521240232,0.9696969696969697,0.5614035087719298,0.7111111111111111,0.047619047619047616
best_overall,imagenet_padim,grid,0.947,799.3378646850583,0.9696969696969697,0.5614035087719298,0.7111111111111111,0.047619047619047616
best_overall,imagenet_padim,grid,0.952,812.4566772460935,0.9696969696969697,0.5614035087719298,0.7111111111111111,0.047619047619047616
best_overall,imagenet_padim,grid,0.957,825.575489807129,0.9696969696969697,0.5614035087719298,0.7111111111111111,0.047619047619047616
best_overall,imagenet_padim,grid,0.963,839.4612564086914,0.9696969696969697,0.5614035087719298,0.7111111111111111,0.047619047619047616
best_overall,imagenet_padim,grid,0.968,849.4853881835937,0.9696969696969697,0.5614035087719298,0.7111111111111111,0.047619047619047616
best_overall,imagenet_padim,grid,0.973,859.5095199584961,0.9696969696969697,0.5614035087719298,0.7111111111111111,0.047619047619047616
best_overall,imagenet_padim,grid,0.978,869.5336517333984,0.9696969696969697,0.5614035087719298,0.7111111111111111,0.047619047619047616
best_overall,imagenet_padim,grid,0.983,879.5577835083008,0.9696969696969697,0.5614035087719298,0.7111111111111111,0.047619047619047616
best_overall,imagenet_padim,grid,0.989,891.5867416381838,0.9696969696969697,0.5614035087719298,0.7111111111111111,0.047619047619047616
best_overall,imagenet_padim,grid,0.994,901.6108734130861,0.9696969696969697,0.5614035087719298,0.7111111111111111,0.047619047619047616
best_overall,imagenet_padim,grid,0.999,911.6350051879884,0.9696969696969697,0.5614035087719298,0.7111111111111111,0.047619047619047616
best_overall,imagenet_padim,hazelnut,0.9,1957.880273437501,0.8412698412698413,0.7571428571428571,0.7969924812030075,0.25
best_overall,imagenet_padim,hazelnut,0.905,2032.8731250000003,0.85,0.7285714285714285,0.7846153846153846,0.225
best_overall,imagenet_padim,hazelnut,0.91,2107.8659765624993,0.8421052631578947,0.6857142857142857,0.7559055118110236,0.225
best_overall,imagenet_padim,hazelnut,0.916,2197.8573984375,0.8421052631578947,0.6857142857142857,0.7559055118110236,0.225
best_overall,imagenet_padim,hazelnut,0.921,2272.850250000002,0.8490566037735849,0.6428571428571429,0.7317073170731707,0.2
best_overall,imagenet_padim,hazelnut,0.926,2275.4024697265627,0.8490566037735849,0.6428571428571429,0.7317073170731707,0.2
best_overall,imagenet_padim,hazelnut,0.931,2277.184044433594,0.8490566037735849,0.6428571428571429,0.7317073170731707,0.2
best_overall,imagenet_padim,hazelnut,0.936,2278.965619140625,0.8490566037735849,0.6428571428571429,0.7317073170731707,0.2
best_overall,imagenet_padim,hazelnut,0.942,2281.1035087890623,0.8490566037735849,0.6428571428571429,0.7317073170731707,0.2
best_overall,imagenet_padim,hazelnut,0.947,2282.8850834960936,0.8490566037735849,0.6428571428571429,0.7317073170731707,0.2
best_overall,imagenet_padim,hazelnut,0.952,2882.6569082031315,0.8541666666666666,0.5857142857142857,0.6949152542372882,0.175
best_overall,imagenet_padim,hazelnut,0.957,3529.996139160155,0.8108108108108109,0.42857142857142855,0.5607476635514018,0.175
best_overall,imagenet_padim,hazelnut,0.963,4306.803216308597,0.75,0.3,0.42857142857142855,0.175
best_overall,imagenet_padim,hazelnut,0.968,4954.142447265622,0.6818181818181818,0.21428571428571427,0.32608695652173914,0.175
best_overall,imagenet_padim,hazelnut,0.973,5601.481678222644,0.6666666666666666,0.17142857142857143,0.2727272727272727,0.15
best_overall,imagenet_padim,hazelnut,0.978,6334.52256054688,0.7142857142857143,0.14285714285714285,0.23809523809523808,0.1
best_overall,imagenet_padim,hazelnut,0.983,7081.15029003906,0.75,0.12857142857142856,0.21951219512195122,0.075
best_overall,imagenet_padim,hazelnut,0.989,7977.10356542969,0.6666666666666666,0.08571428571428572,0.1518987341772152,0.075
best_overall,imagenet_padim,hazelnut,0.994,8723.731294921869,0.7142857142857143,0.07142857142857142,0.12987012987012986,0.05
best_overall,imagenet_padim,hazelnut,0.999,9470.359024414076,0.7142857142857143,0.07142857142857142,0.12987012987012986,0.05
best_overall,imagenet_padim,leather,0.9,440.19086914062495,0.8288288288288288,1.0,0.9064039408866995,0.59375
best_overall,imagenet_padim,leather,0.905,449.6454217529298,0.8440366972477065,1.0,0.9154228855721394,0.53125
best_overall,imagenet_padim,leather,0.91,459.09997436523435,0.8598130841121495,1.0,0.9246231155778895,0.46875
best_overall,imagenet_padim,leather,0.916,485.04371435546915,0.8761904761904762,1.0,0.934010152284264,0.40625
best_overall,imagenet_padim,leather,0.921,519.1865292968749,0.9019607843137255,1.0,0.9484536082474226,0.3125
best_overall,imagenet_padim,leather,0.926,553.3293442382818,0.9108910891089109,1.0,0.9533678756476683,0.28125
best_overall,imagenet_padim,leather,0.931,587.4721591796875,0.9108910891089109,1.0,0.9533678756476683,0.28125
best_overall,imagenet_padim,leather,0.936,621.6149741210944,0.92,1.0,0.9583333333333334,0.25
best_overall,imagenet_padim,leather,0.942,662.5863520507813,0.9583333333333334,1.0,0.9787234042553191,0.125
best_overall,imagenet_padim,leather,0.947,696.7291669921872,0.9787234042553191,1.0,0.989247311827957,0.0625
best_overall,imagenet_padim,leather,0.952,730.871981933594,0.989247311827957,1.0,0.9945945945945946,0.03125
best_overall,imagenet_padim,leather,0.957,762.1510545654296,0.989247311827957,1.0,0.9945945945945946,0.03125
best_overall,imagenet_padim,leather,0.963,767.1954835205079,0.989247311827957,1.0,0.9945945945945946,0.03125
best_overall,imagenet_padim,leather,0.968,771.3991743164062,0.989247311827957,1.0,0.9945945945945946,0.03125
best_overall,imagenet_padim,leather,0.973,775.6028651123046,0.989247311827957,1.0,0.9945945945945946,0.03125
best_overall,imagenet_padim,leather,0.978,779.8065559082031,0.989247311827957,1.0,0.9945945945945946,0.03125
best_overall,imagenet_padim,leather,0.983,784.0102467041015,0.989247311827957,1.0,0.9945945945945946,0.03125
best_overall,imagenet_padim,leather,0.989,789.0546756591797,0.989247311827957,1.0,0.9945945945945946,0.03125
best_overall,imagenet_padim,leather,0.994,793.2583664550781,0.989247311827957,1.0,0.9945945945945946,0.03125
best_overall,imagenet_padim,leather,0.999,797.4620572509766,0.989247311827957,1.0,0.9945945945945946,0.03125
best_overall,imagenet_padim,metal_nut,0.9,1022.8668090820314,0.9772727272727273,0.9247311827956989,0.9502762430939227,0.09090909090909091
best_overall,imagenet_padim,metal_nut,0.905,1033.274434814453,0.9772727272727273,0.9247311827956989,0.9502762430939227,0.09090909090909091
best_overall,imagenet_padim,metal_nut,0.91,1061.6115405273435,0.9772727272727273,0.9247311827956989,0.9502762430939227,0.09090909090909091
best_overall,imagenet_padim,metal_nut,0.916,1095.6160673828126,0.9772727272727273,0.9247311827956989,0.9502762430939227,0.09090909090909091
best_overall,imagenet_padim,metal_nut,0.921,1123.9531730957035,0.9770114942528736,0.9139784946236559,0.9444444444444444,0.09090909090909091
best_overall,imagenet_padim,metal_nut,0.926,1152.2902788085942,0.9767441860465116,0.9032258064516129,0.9385474860335196,0.09090909090909091
best_overall,imagenet_padim,metal_nut,0.931,1180.6273845214848,0.9880952380952381,0.8924731182795699,0.9378531073446328,0.045454545454545456
best_overall,imagenet_padim,metal_nut,0.936,1208.9644902343757,0.9880952380952381,0.8924731182795699,0.9378531073446328,0.045454545454545456
best_overall,imagenet_padim,metal_nut,0.942,1242.9690170898439,0.9880952380952381,0.8924731182795699,0.9378531073446328,0.045454545454545456
best_overall,imagenet_padim,metal_nut,0.947,1271.3061228027345,0.9880952380952381,0.8924731182795699,0.9378531073446328,0.045454545454545456
best_overall,imagenet_padim,metal_nut,0.952,1299.6432285156243,0.9879518072289156,0.8817204301075269,0.9318181818181818,0.045454545454545456
best_overall,imagenet_padim,metal_nut,0.957,1325.2638605957027,0.9879518072289156,0.8817204301075269,0.9318181818181818,0.045454545454545456
best_overall,imagenet_padim,metal_nut,0.963,1355.7397722167966,0.9876543209876543,0.8602150537634409,0.9195402298850575,0.045454545454545456
best_overall,imagenet_padim,metal_nut,0.968,1381.1363652343748,0.9876543209876543,0.8602150537634409,0.9195402298850575,0.045454545454545456
best_overall,imagenet_padim,metal_nut,0.973,1406.532958251953,0.9876543209876543,0.8602150537634409,0.9195402298850575,0.045454545454545456
best_overall,imagenet_padim,metal_nut,0.978,1431.9295512695312,0.9876543209876543,0.8602150537634409,0.9195402298850575,0.045454545454545456
best_overall,imagenet_padim,metal_nut,0.983,1457.3261442871096,0.9875,0.8494623655913979,0.9132947976878613,0.045454545454545456
best_overall,imagenet_padim,metal_nut,0.989,1487.8020559082026,0.9875,0.8494623655913979,0.9132947976878613,0.045454545454545456
best_overall,imagenet_padim,metal_nut,0.994,1513.1986489257808,0.9873417721518988,0.8387096774193549,0.9069767441860465,0.045454545454545456
best_overall,imagenet_padim,metal_nut,0.999,1538.5952419433593,0.9873417721518988,0.8387096774193549,0.9069767441860465,0.045454545454545456
best_overall,imagenet_padim,pill,0.9,1640.7051269531255,1.0,0.5602836879432624,0.7181818181818181,0.0
best_overall,imagenet_padim,pill,0.905,1667.5543005371096,1.0,0.5390070921985816,0.7004608294930875,0.0
best_overall,imagenet_padim,pill,0.91,1694.4034741210937,1.0,0.5319148936170213,0.6944444444444444,0.0
best_overall,imagenet_padim,pill,0.916,1726.6224824218755,1.0,0.524822695035461,0.6883720930232559,0.0
best_overall,imagenet_padim,pill,0.921,1753.4716560058596,1.0,0.5106382978723404,0.676056338028169,0.0
best_overall,imagenet_padim,pill,0.926,1792.1271958007815,1.0,0.49645390070921985,0.6635071090047393,0.0
best_overall,imagenet_padim,pill,0.931,1839.171469482423,1.0,0.48226950354609927,0.6507177033492823,0.0
best_overall,imagenet_padim,pill,0.936,1886.2157431640633,1.0,0.46808510638297873,0.6376811594202898,0.0
best_overall,imagenet_padim,pill,0.942,1942.6688715820303,1.0,0.46099290780141844,0.6310679611650486,0.0
best_overall,imagenet_padim,pill,0.947,1989.7131452636718,1.0,0.46099290780141844,0.6310679611650486,0.0
best_overall,imagenet_padim,pill,0.952,2036.757418945312,1.0,0.4397163120567376,0.6108374384236454,0.0
best_overall,imagenet_padim,pill,0.957,2083.8016926269524,1.0,0.425531914893617,0.5970149253731343,0.0
best_overall,imagenet_padim,pill,0.963,2381.5829638671894,1.0,0.375886524822695,0.5463917525773195,0.0
best_overall,imagenet_padim,pill,0.968,3254.2235156249953,1.0,0.2695035460992908,0.4245810055865922,0.0
best_overall,imagenet_padim,pill,0.973,4126.864067382801,1.0,0.2127659574468085,0.3508771929824561,0.0
best_overall,imagenet_padim,pill,0.978,4999.504619140631,1.0,0.19858156028368795,0.33136094674556216,0.0
best_overall,imagenet_padim,pill,0.983,5872.145170898437,1.0,0.14184397163120568,0.2484472049689441,0.0
best_overall,imagenet_padim,pill,0.989,6919.313833007804,1.0,0.1347517730496454,0.2375,0.0
best_overall,imagenet_padim,pill,0.994,7791.954384765633,1.0,0.09219858156028368,0.16883116883116883,0.0
best_overall,imagenet_padim,pill,0.999,8664.59493652344,1.0,0.07092198581560284,0.13245033112582782,0.0
best_overall,imagenet_padim,screw,0.9,1731.905029296875,0.8571428571428571,0.453781512605042,0.5934065934065934,0.21951219512195122
best_overall,imagenet_padim,screw,0.905,1769.368237915039,0.847457627118644,0.42016806722689076,0.5617977528089888,0.21951219512195122
best_overall,imagenet_padim,screw,0.91,1867.163001708985,0.8627450980392157,0.3697478991596639,0.5176470588235295,0.17073170731707318
best_overall,imagenet_padim,screw,0.916,1984.5167182617192,0.8723404255319149,0.3445378151260504,0.4939759036144578,0.14634146341463414
best_overall,imagenet_padim,screw,0.921,2082.3114820556652,0.8604651162790697,0.31092436974789917,0.4567901234567901,0.14634146341463414
best_overall,imagenet_padim,screw,0.926,2180.1062458496112,0.8780487804878049,0.3025210084033613,0.45,0.12195121951219512
best_overall,imagenet_padim,screw,0.931,2277.901009643555,0.8918918918918919,0.2773109243697479,0.4230769230769231,0.0975609756097561
best_overall,imagenet_padim,screw,0.936,2371.0556308593755,0.9142857142857143,0.2689075630252101,0.4155844155844156,0.07317073170731707
best_overall,imagenet_padim,screw,0.942,2434.4676899414058,0.90625,0.24369747899159663,0.3841059602649007,0.07317073170731707
best_overall,imagenet_padim,screw,0.947,2487.3110725097654,0.90625,0.24369747899159663,0.3841059602649007,0.07317073170731707
best_overall,imagenet_padim,screw,0.952,2540.154455078125,0.9285714285714286,0.2184873949579832,0.35374149659863946,0.04878048780487805
best_overall,imagenet_padim,screw,0.957,2592.9978376464837,0.9259259259259259,0.21008403361344538,0.3424657534246575,0.04878048780487805
best_overall,imagenet_padim,screw,0.963,2656.409896728515,0.9230769230769231,0.20168067226890757,0.3310344827586207,0.04878048780487805
best_overall,imagenet_padim,screw,0.968,2711.3091289062495,0.96,0.20168067226890757,0.3333333333333333,0.024390243902439025
best_overall,imagenet_padim,screw,0.973,2803.98459765625,0.9565217391304348,0.18487394957983194,0.30985915492957744,0.024390243902439025
best_overall,imagenet_padim,screw,0.978,2896.660066406249,1.0,0.17647058823529413,0.3,0.0
best_overall,imagenet_padim,screw,0.983,2989.3355351562495,1.0,0.16806722689075632,0.28776978417266186,0.0
best_overall,imagenet_padim,screw,0.989,3100.5460976562495,1.0,0.15126050420168066,0.26277372262773724,0.0
best_overall,imagenet_padim,screw,0.994,3193.22156640625,1.0,0.15126050420168066,0.26277372262773724,0.0
best_overall,imagenet_padim,screw,0.999,3285.8970351562507,1.0,0.15126050420168066,0.26277372262773724,0.0
best_overall,imagenet_padim,tile,0.9,1215.3077636718751,0.9523809523809523,0.9523809523809523,0.9523809523809523,0.12121212121212122
best_overall,imagenet_padim,tile,0.905,1227.2777697753907,0.9523809523809523,0.9523809523809523,0.9523809523809523,0.12121212121212122
best_overall,imagenet_padim,tile,0.91,1247.0583007812497,0.9523809523809523,0.9523809523809523,0.9523809523809523,0.12121212121212122
best_overall,imagenet_padim,tile,0.916,1312.971772460938,0.975609756097561,0.9523809523809523,0.963855421686747,0.06060606060606061
best_overall,imagenet_padim,tile,0.921,1367.899665527344,0.975,0.9285714285714286,0.9512195121951219,0.06060606060606061
best_overall,imagenet_padim,tile,0.926,1422.82755859375,0.9746835443037974,0.9166666666666666,0.9447852760736196,0.06060606060606061
best_overall,imagenet_padim,tile,0.931,1477.7554516601558,0.9871794871794872,0.9166666666666666,0.9506172839506173,0.030303030303030304
best_overall,imagenet_padim,tile,0.936,1532.6833447265637,0.9871794871794872,0.9166666666666666,0.9506172839506173,0.030303030303030304
best_overall,imagenet_padim,tile,0.942,1598.5968164062501,0.9871794871794872,0.9166666666666666,0.9506172839506173,0.030303030303030304
best_overall,imagenet_padim,tile,0.947,1653.524709472656,0.987012987012987,0.9047619047619048,0.9440993788819876,0.030303030303030304
best_overall,imagenet_padim,tile,0.952,1708.4526025390621,0.9868421052631579,0.8928571428571429,0.9375,0.030303030303030304
best_overall,imagenet_padim,tile,0.957,1760.0679133300775,0.9866666666666667,0.8809523809523809,0.9308176100628931,0.030303030303030304
best_overall,imagenet_padim,tile,0.963,1817.8839616699217,0.9866666666666667,0.8809523809523809,0.9308176100628931,0.030303030303030304
best_overall,imagenet_padim,tile,0.968,1866.0640019531247,0.9864864864864865,0.8690476190476191,0.9240506329113924,0.030303030303030304
best_overall,imagenet_padim,tile,0.973,1914.2440422363277,0.9864864864864865,0.8690476190476191,0.9240506329113924,0.030303030303030304
best_overall,imagenet_padim,tile,0.978,1962.4240825195304,0.9864864864864865,0.8690476190476191,0.9240506329113924,0.030303030303030304
best_overall,imagenet_padim,tile,0.983,2010.604122802735,0.9863013698630136,0.8571428571428571,0.9171974522292994,0.030303030303030304
best_overall,imagenet_padim,tile,0.989,2068.4201711425776,1.0,0.8571428571428571,0.9230769230769231,0.0
best_overall,imagenet_padim,tile,0.994,2116.600211425781,1.0,0.8571428571428571,0.9230769230769231,0.0
best_overall,imagenet_padim,tile,0.999,2164.780251708985,1.0,0.8333333333333334,0.9090909090909091,0.0
best_overall,imagenet_padim,toothbrush,0.9,3248.763916015625,0.8888888888888888,0.8,0.8421052631578947,0.25
best_overall,imagenet_padim,toothbrush,0.905,3307.9503784179697,0.8888888888888888,0.8,0.8421052631578947,0.25
best_overall,imagenet_padim,toothbrush,0.91,3367.136840820312,0.8888888888888888,0.8,0.8421052631578947,0.25
best_overall,imagenet_padim,toothbrush,0.916,3438.160595703125,0.8888888888888888,0.8,0.8421052631578947,0.25
best_overall,imagenet_padim,toothbrush,0.921,3497.34705810547,0.8888888888888888,0.8,0.8421052631578947,0.25
best_overall,imagenet_padim,toothbrush,0.926,3556.533520507812,0.8888888888888888,0.8,0.8421052631578947,0.25
best_overall,imagenet_padim,toothbrush,0.931,3615.719982910157,0.8888888888888888,0.8,0.8421052631578947,0.25
best_overall,imagenet_padim,toothbrush,0.936,3674.9064453125015,0.8888888888888888,0.8,0.8421052631578947,0.25
best_overall,imagenet_padim,toothbrush,0.942,3745.9302001953124,0.8888888888888888,0.8,0.8421052631578947,0.25
best_overall,imagenet_padim,toothbrush,0.947,3805.116662597655,0.8888888888888888,0.8,0.8421052631578947,0.25
best_overall,imagenet_padim,toothbrush,0.952,3864.3031249999995,0.8888888888888888,0.8,0.8421052631578947,0.25
best_overall,imagenet_padim,toothbrush,0.957,3923.489587402344,0.8888888888888888,0.8,0.8421052631578947,0.25
best_overall,imagenet_padim,toothbrush,0.963,3994.513342285155,0.8846153846153846,0.7666666666666667,0.8214285714285714,0.25
best_overall,imagenet_padim,toothbrush,0.968,4053.6998046874996,0.8846153846153846,0.7666666666666667,0.8214285714285714,0.25
best_overall,imagenet_padim,toothbrush,0.973,4112.886267089844,0.8846153846153846,0.7666666666666667,0.8214285714285714,0.25
best_overall,imagenet_padim,toothbrush,0.978,4172.072729492187,0.8846153846153846,0.7666666666666667,0.8214285714285714,0.25
best_overall,imagenet_padim,toothbrush,0.983,4231.259191894531,0.8846153846153846,0.7666666666666667,0.8214285714285714,0.25
best_overall,imagenet_padim,toothbrush,0.989,4302.2829467773445,0.92,0.7666666666666667,0.8363636363636363,0.16666666666666666
best_overall,imagenet_padim,toothbrush,0.994,4361.469409179687,0.92,0.7666666666666667,0.8363636363636363,0.16666666666666666
best_overall,imagenet_padim,toothbrush,0.999,4420.655871582031,0.9166666666666666,0.7333333333333333,0.8148148148148148,0.16666666666666666
best_overall,imagenet_padim,transistor,0.9,1593.7069091796875,0.7608695652173914,0.875,0.813953488372093,0.18333333333333332
best_overall,imagenet_padim,transistor,0.905,1602.9770263671876,0.7777777777777778,0.875,0.8235294117647058,0.16666666666666666
best_overall,imagenet_padim,transistor,0.91,1612.2471435546875,0.7777777777777778,0.875,0.8235294117647058,0.16666666666666666
best_overall,imagenet_padim,transistor,0.916,1623.3712841796876,0.7777777777777778,0.875,0.8235294117647058,0.16666666666666666
best_overall,imagenet_padim,transistor,0.921,1632.6414013671877,0.7777777777777778,0.875,0.8235294117647058,0.16666666666666666
best_overall,imagenet_padim,transistor,0.926,1641.9115185546875,0.7777777777777778,0.875,0.8235294117647058,0.16666666666666666
best_overall,imagenet_padim,transistor,0.931,1651.1816357421876,0.7777777777777778,0.875,0.8235294117647058,0.16666666666666666
best_overall,imagenet_padim,transistor,0.936,1660.4517529296877,0.7954545454545454,0.875,0.8333333333333334,0.15
best_overall,imagenet_padim,transistor,0.942,1671.5758935546876,0.7954545454545454,0.875,0.8333333333333334,0.15
best_overall,imagenet_padim,transistor,0.947,1680.8460107421872,0.7954545454545454,0.875,0.8333333333333334,0.15
best_overall,imagenet_padim,transistor,0.952,1709.2050097656245,0.7954545454545454,0.875,0.8333333333333334,0.15
best_overall,imagenet_padim,transistor,0.957,1766.197331542969,0.8095238095238095,0.85,0.8292682926829268,0.13333333333333333
best_overall,imagenet_padim,transistor,0.963,1834.58811767578,0.8205128205128205,0.8,0.810126582278481,0.11666666666666667
best_overall,imagenet_padim,transistor,0.968,1891.5804394531247,0.8421052631578947,0.8,0.8205128205128205,0.1
best_overall,imagenet_padim,transistor,0.973,1948.5727612304693,0.8648648648648649,0.8,0.8311688311688312,0.08333333333333333
best_overall,imagenet_padim,transistor,0.978,2005.5650830078118,0.8648648648648649,0.8,0.8311688311688312,0.08333333333333333
best_overall,imagenet_padim,transistor,0.983,2062.5574047851565,0.8648648648648649,0.8,0.8311688311688312,0.08333333333333333
best_overall,imagenet_padim,transistor,0.989,2130.9481909179694,0.8648648648648649,0.8,0.8311688311688312,0.08333333333333333
best_overall,imagenet_padim,transistor,0.994,2187.940512695312,0.8648648648648649,0.8,0.8311688311688312,0.08333333333333333
best_overall,imagenet_padim,transistor,0.999,2244.9328344726564,0.8648648648648649,0.8,0.8311688311688312,0.08333333333333333
best_overall,imagenet_padim,wood,0.9,3431.5331054687526,0.9655172413793104,0.9333333333333333,0.9491525423728814,0.10526315789473684
best_overall,imagenet_padim,wood,0.905,3660.349931640623,0.9655172413793104,0.9333333333333333,0.9491525423728814,0.10526315789473684
best_overall,imagenet_padim,wood,0.91,3889.1667578125,0.9655172413793104,0.9333333333333333,0.9491525423728814,0.10526315789473684
best_overall,imagenet_padim,wood,0.916,4163.746949218754,0.9642857142857143,0.9,0.9310344827586207,0.10526315789473684
best_overall,imagenet_padim,wood,0.921,4403.721710937499,0.9636363636363636,0.8833333333333333,0.9217391304347826,0.10526315789473684
best_overall,imagenet_padim,wood,0.926,4645.4130781250005,0.9636363636363636,0.8833333333333333,0.9217391304347826,0.10526315789473684
best_overall,imagenet_padim,wood,0.931,4887.104445312502,0.9636363636363636,0.8833333333333333,0.9217391304347826,0.10526315789473684
best_overall,imagenet_padim,wood,0.936,5128.795812500004,0.9622641509433962,0.85,0.9026548672566371,0.10526315789473684
best_overall,imagenet_padim,wood,0.942,5418.825453124994,0.9615384615384616,0.8333333333333334,0.8928571428571429,0.10526315789473684
best_overall,imagenet_padim,wood,0.947,5660.516820312496,0.9615384615384616,0.8333333333333334,0.8928571428571429,0.10526315789473684
best_overall,imagenet_padim,wood,0.952,5902.208187499998,0.9615384615384616,0.8333333333333334,0.8928571428571429,0.10526315789473684
best_overall,imagenet_padim,wood,0.957,6143.8995546875,0.9607843137254902,0.8166666666666667,0.8828828828828829,0.10526315789473684
best_overall,imagenet_padim,wood,0.963,6686.877257812493,0.9591836734693877,0.7833333333333333,0.8623853211009175,0.10526315789473684
best_overall,imagenet_padim,wood,0.968,7199.584406249997,0.9787234042553191,0.7666666666666667,0.8598130841121495,0.05263157894736842
best_overall,imagenet_padim,wood,0.973,7712.291554687501,0.9782608695652174,0.75,0.8490566037735849,0.05263157894736842
best_overall,imagenet_padim,wood,0.978,8224.998703125006,0.9777777777777777,0.7333333333333333,0.8380952380952381,0.05263157894736842
best_overall,imagenet_padim,wood,0.983,8737.705851562494,0.9777777777777777,0.7333333333333333,0.8380952380952381,0.05263157894736842
best_overall,imagenet_padim,wood,0.989,9352.954429687503,0.9772727272727273,0.7166666666666667,0.8269230769230769,0.05263157894736842
best_overall,imagenet_padim,wood,0.994,9865.661578125008,0.9772727272727273,0.7166666666666667,0.8269230769230769,0.05263157894736842
best_overall,imagenet_padim,wood,0.999,10378.368726562496,1.0,0.7166666666666667,0.8349514563106796,0.0
best_overall,imagenet_padim,zipper,0.9,1104.9896484375,0.9519230769230769,0.8319327731092437,0.8878923766816144,0.15625
best_overall,imagenet_padim,zipper,0.905,1127.405467529297,0.9514563106796117,0.8235294117647058,0.8828828828828829,0.15625
best_overall,imagenet_padim,zipper,0.91,1149.8212866210938,0.9504950495049505,0.8067226890756303,0.8727272727272727,0.15625
best_overall,imagenet_padim,zipper,0.916,1193.4026733398443,0.95,0.7983193277310925,0.867579908675799,0.15625
best_overall,imagenet_padim,zipper,0.921,1244.0313812255858,0.9591836734693877,0.7899159663865546,0.8663594470046083,0.125
best_overall,imagenet_padim,zipper,0.926,1294.660089111329,0.9587628865979382,0.7815126050420168,0.8611111111111112,0.125
best_overall,imagenet_padim,zipper,0.931,1345.2887969970704,0.9583333333333334,0.773109243697479,0.8558139534883721,0.125
best_overall,imagenet_padim,zipper,0.936,1395.9175048828135,0.9583333333333334,0.773109243697479,0.8558139534883721,0.125
best_overall,imagenet_padim,zipper,0.942,1456.6719543457034,0.956989247311828,0.7478991596638656,0.839622641509434,0.125
best_overall,imagenet_padim,zipper,0.947,1507.3006622314447,0.956989247311828,0.7478991596638656,0.839622641509434,0.125
best_overall,imagenet_padim,zipper,0.952,1557.9293701171878,0.9565217391304348,0.7394957983193278,0.8341232227488151,0.125
best_overall,imagenet_padim,zipper,0.957,1605.4342189941406,0.9555555555555556,0.7226890756302521,0.8229665071770335,0.125
best_overall,imagenet_padim,zipper,0.963,1626.9984372558595,0.9550561797752809,0.7142857142857143,0.8173076923076923,0.125
best_overall,imagenet_padim,zipper,0.968,1644.968619140625,0.9550561797752809,0.7142857142857143,0.8173076923076923,0.125
best_overall,imagenet_padim,zipper,0.973,1662.9388010253904,0.9550561797752809,0.7142857142857143,0.8173076923076923,0.125
best_overall,imagenet_padim,zipper,0.978,1680.9089829101563,0.9550561797752809,0.7142857142857143,0.8173076923076923,0.125
best_overall,imagenet_padim,zipper,0.983,1698.8791647949215,0.9550561797752809,0.7142857142857143,0.8173076923076923,0.125
best_overall,imagenet_padim,zipper,0.989,1720.4433830566406,0.9550561797752809,0.7142857142857143,0.8173076923076923,0.125
best_overall,imagenet_padim,zipper,0.994,1738.413564941406,0.9545454545454546,0.7058823529411765,0.8115942028985508,0.125
best_overall,imagenet_padim,zipper,0.999,1756.383746826172,0.9545454545454546,0.7058823529411765,0.8115942028985508,0.125
best_ssl,simclr_mild_padim,bottle,0.9,3031.101318359375,0.967741935483871,0.9523809523809523,0.96,0.1
best_ssl,simclr_mild_padim,bottle,0.905,3313.6722412109416,0.967741935483871,0.9523809523809523,0.96,0.1
best_ssl,simclr_mild_padim,bottle,0.91,3596.243164062498,0.967741935483871,0.9523809523809523,0.96,0.1
best_ssl,simclr_mild_padim,bottle,0.916,3935.328271484376,0.967741935483871,0.9523809523809523,0.96,0.1
best_ssl,simclr_mild_padim,bottle,0.921,4217.899194335942,0.967741935483871,0.9523809523809523,0.96,0.1
best_ssl,simclr_mild_padim,bottle,0.926,4500.4701171874985,0.967741935483871,0.9523809523809523,0.96,0.1
best_ssl,simclr_mild_padim,bottle,0.931,4783.041040039066,0.967741935483871,0.9523809523809523,0.96,0.1
best_ssl,simclr_mild_padim,bottle,0.936,5065.611962890632,0.967741935483871,0.9523809523809523,0.96,0.1
best_ssl,simclr_mild_padim,bottle,0.942,5404.6970703125,0.9833333333333333,0.9365079365079365,0.959349593495935,0.05
best_ssl,simclr_mild_padim,bottle,0.947,5687.267993164056,0.9833333333333333,0.9365079365079365,0.959349593495935,0.05
best_ssl,simclr_mild_padim,bottle,0.952,6054.892070312496,0.9833333333333333,0.9365079365079365,0.959349593495935,0.05
best_ssl,simclr_mild_padim,bottle,0.957,6550.095878906252,0.9830508474576272,0.9206349206349206,0.9508196721311475,0.05
best_ssl,simclr_mild_padim,bottle,0.963,7144.34044921874,0.9830508474576272,0.9206349206349206,0.9508196721311475,0.05
best_ssl,simclr_mild_padim,bottle,0.968,7639.544257812497,0.9827586206896551,0.9047619047619048,0.9421487603305785,0.05
best_ssl,simclr_mild_padim,bottle,0.973,8134.748066406254,0.9827586206896551,0.9047619047619048,0.9421487603305785,0.05
best_ssl,simclr_mild_padim,bottle,0.978,8629.951874999993,0.9827586206896551,0.9047619047619048,0.9421487603305785,0.05
best_ssl,simclr_mild_padim,bottle,0.983,9125.15568359375,0.9827586206896551,0.9047619047619048,0.9421487603305785,0.05
best_ssl,simclr_mild_padim,bottle,0.989,9719.400253906255,0.9827586206896551,0.9047619047619048,0.9421487603305785,0.05
best_ssl,simclr_mild_padim,bottle,0.994,10214.604062499995,0.9827586206896551,0.9047619047619048,0.9421487603305785,0.05
best_ssl,simclr_mild_padim,bottle,0.999,10709.807871093752,0.9827586206896551,0.9047619047619048,0.9421487603305785,0.05
best_ssl,simclr_mild_padim,cable,0.9,6850.672314453125,0.9354838709677419,0.31521739130434784,0.4715447154471545,0.034482758620689655
best_ssl,simclr_mild_padim,cable,0.905,6898.454636230462,0.9354838709677419,0.31521739130434784,0.4715447154471545,0.034482758620689655
best_ssl,simclr_mild_padim,cable,0.91,7598.059125976559,0.9310344827586207,0.29347826086956524,0.4462809917355372,0.034482758620689655
best_ssl,simclr_mild_padim,cable,0.916,8437.58451367188,0.9166666666666666,0.2391304347826087,0.3793103448275862,0.034482758620689655
best_ssl,simclr_mild_padim,cable,0.921,9137.189003417976,0.9090909090909091,0.21739130434782608,0.3508771929824561,0.034482758620689655
best_ssl,simclr_mild_padim,cable,0.926,9836.793493164072,0.9047619047619048,0.20652173913043478,0.336283185840708,0.034482758620689655
best_ssl,simclr_mild_padim,cable,0.931,10536.39798291017,0.9047619047619048,0.20652173913043478,0.336283185840708,0.034482758620689655
best_ssl,simclr_mild_padim,cable,0.936,11236.002472656266,0.9047619047619048,0.20652173913043478,0.336283185840708,0.034482758620689655
best_ssl,simclr_mild_padim,cable,0.942,12075.527860351562,0.8823529411764706,0.16304347826086957,0.27522935779816515,0.034482758620689655
best_ssl,simclr_mild_padim,cable,0.947,12775.13235009766,0.8823529411764706,0.16304347826086957,0.27522935779816515,0.034482758620689655
best_ssl,simclr_mild_padim,cable,0.952,13474.736839843732,0.9285714285714286,0.14130434782608695,0.24528301886792453,0.017241379310344827
best_ssl,simclr_mild_padim,cable,0.957,14261.31258105467,0.9285714285714286,0.14130434782608695,0.24528301886792453,0.017241379310344827
best_ssl,simclr_mild_padim,cable,0.963,15213.810934570305,0.9285714285714286,0.14130434782608695,0.24528301886792453,0.017241379310344827
best_ssl,simclr_mild_padim,cable,0.968,16007.559562499995,0.9230769230769231,0.13043478260869565,0.22857142857142856,0.017241379310344827
best_ssl,simclr_mild_padim,cable,0.973,16801.308190429685,1.0,0.09782608695652174,0.1782178217821782,0.0
best_ssl,simclr_mild_padim,cable,0.978,17595.05681835938,1.0,0.09782608695652174,0.1782178217821782,0.0
best_ssl,simclr_mild_padim,cable,0.983,18388.80544628907,1.0,0.09782608695652174,0.1782178217821782,0.0
best_ssl,simclr_mild_padim,cable,0.989,19341.303799804675,1.0,0.08695652173913043,0.16,0.0
best_ssl,simclr_mild_padim,cable,0.994,20135.052427734365,1.0,0.08695652173913043,0.16,0.0
best_ssl,simclr_mild_padim,cable,0.999,20928.801055664055,1.0,0.08695652173913043,0.16,0.0
best_ssl,simclr_mild_padim,capsule,0.9,1964.029895019532,0.92,0.42201834862385323,0.5786163522012578,0.17391304347826086
best_ssl,simclr_mild_padim,capsule,0.905,2005.348018798827,0.92,0.42201834862385323,0.5786163522012578,0.17391304347826086
best_ssl,simclr_mild_padim,capsule,0.91,2118.5228686523433,0.9166666666666666,0.4036697247706422,0.5605095541401274,0.17391304347826086
best_ssl,simclr_mild_padim,capsule,0.916,2254.3326884765634,0.9111111111111111,0.3761467889908257,0.5324675324675324,0.17391304347826086
best_ssl,simclr_mild_padim,capsule,0.921,2367.507538330079,0.9069767441860465,0.3577981651376147,0.5131578947368421,0.17391304347826086
best_ssl,simclr_mild_padim,capsule,0.926,2480.6823881835953,0.9047619047619048,0.3486238532110092,0.5033112582781457,0.17391304347826086
best_ssl,simclr_mild_padim,capsule,0.931,2593.8572380371115,0.9024390243902439,0.3394495412844037,0.49333333333333335,0.17391304347826086
best_ssl,simclr_mild_padim,capsule,0.936,2707.0320878906277,0.925,0.3394495412844037,0.4966442953020134,0.13043478260869565
best_ssl,simclr_mild_padim,capsule,0.942,2842.8419077148437,0.925,0.3394495412844037,0.4966442953020134,0.13043478260869565
best_ssl,simclr_mild_padim,capsule,0.947,2956.01675756836,0.925,0.3394495412844037,0.4966442953020134,0.13043478260869565
best_ssl,simclr_mild_padim,capsule,0.952,3069.191607421872,0.9230769230769231,0.3302752293577982,0.4864864864864865,0.13043478260869565
best_ssl,simclr_mild_padim,capsule,0.957,3623.1730820312373,0.9142857142857143,0.29357798165137616,0.4444444444444444,0.13043478260869565
best_ssl,simclr_mild_padim,capsule,0.963,4331.577074218744,0.9666666666666667,0.26605504587155965,0.4172661870503597,0.043478260869565216
best_ssl,simclr_mild_padim,capsule,0.968,4921.913734374997,0.9655172413793104,0.25688073394495414,0.4057971014492754,0.043478260869565216
best_ssl,simclr_mild_padim,capsule,0.973,5512.250394531249,0.9642857142857143,0.24770642201834864,0.39416058394160586,0.043478260869565216
best_ssl,simclr_mild_padim,capsule,0.978,6102.587054687501,0.9642857142857143,0.24770642201834864,0.39416058394160586,0.043478260869565216
best_ssl,simclr_mild_padim,capsule,0.983,6692.923714843754,0.9642857142857143,0.24770642201834864,0.39416058394160586,0.043478260869565216
best_ssl,simclr_mild_padim,capsule,0.989,7401.327707031241,0.9629629629629629,0.23853211009174313,0.38235294117647056,0.043478260869565216
best_ssl,simclr_mild_padim,capsule,0.994,7991.664367187494,0.9615384615384616,0.22935779816513763,0.37037037037037035,0.043478260869565216
best_ssl,simclr_mild_padim,capsule,0.999,8582.001027343746,0.9615384615384616,0.22935779816513763,0.37037037037037035,0.043478260869565216
best_ssl,simclr_mild_padim,carpet,0.9,4327.404809570314,1.0,0.12359550561797752,0.22,0.0
best_ssl,simclr_mild_padim,carpet,0.905,4508.47939331055,1.0,0.12359550561797752,0.22,0.0
best_ssl,simclr_mild_padim,carpet,0.91,4689.553977050782,1.0,0.11235955056179775,0.20202020202020202,0.0
best_ssl,simclr_mild_padim,carpet,0.916,4906.8434775390615,1.0,0.11235955056179775,0.20202020202020202,0.0
best_ssl,simclr_mild_padim,carpet,0.921,5087.918061279298,1.0,0.11235955056179775,0.20202020202020202,0.0
best_ssl,simclr_mild_padim,carpet,0.926,5269.348765625004,1.0,0.11235955056179775,0.20202020202020202,0.0
best_ssl,simclr_mild_padim,carpet,0.931,5474.461490234376,1.0,0.10112359550561797,0.1836734693877551,0.0
best_ssl,simclr_mild_padim,carpet,0.936,5679.574214843753,1.0,0.0898876404494382,0.16494845360824742,0.0
best_ssl,simclr_mild_padim,carpet,0.942,5925.7094843749965,1.0,0.0898876404494382,0.16494845360824742,0.0
best_ssl,simclr_mild_padim,carpet,0.947,6130.822208984374,1.0,0.0898876404494382,0.16494845360824742,0.0
best_ssl,simclr_mild_padim,carpet,0.952,6335.934933593751,1.0,0.0898876404494382,0.16494845360824742,0.0
best_ssl,simclr_mild_padim,carpet,0.957,6541.047658203123,1.0,0.0898876404494382,0.16494845360824742,0.0
best_ssl,simclr_mild_padim,carpet,0.963,6789.105833496085,1.0,0.0898876404494382,0.16494845360824742,0.0
best_ssl,simclr_mild_padim,carpet,0.968,7253.810835937497,1.0,0.07865168539325842,0.14583333333333334,0.0
best_ssl,simclr_mild_padim,carpet,0.973,7718.515838378909,1.0,0.07865168539325842,0.14583333333333334,0.0
best_ssl,simclr_mild_padim,carpet,0.978,8183.220840820309,1.0,0.07865168539325842,0.14583333333333334,0.0
best_ssl,simclr_mild_padim,carpet,0.983,8647.92584326172,1.0,0.07865168539325842,0.14583333333333334,0.0
best_ssl,simclr_mild_padim,carpet,0.989,9205.571846191404,1.0,0.07865168539325842,0.14583333333333334,0.0
best_ssl,simclr_mild_padim,carpet,0.994,9670.276848632815,1.0,0.07865168539325842,0.14583333333333334,0.0
best_ssl,simclr_mild_padim,carpet,0.999,10134.981851074215,1.0,0.07865168539325842,0.14583333333333334,0.0
best_ssl,simclr_mild_padim,grid,0.9,1507.439208984375,0.625,0.17543859649122806,0.273972602739726,0.2857142857142857
best_ssl,simclr_mild_padim,grid,0.905,1526.9099426269531,0.625,0.17543859649122806,0.273972602739726,0.2857142857142857
best_ssl,simclr_mild_padim,grid,0.91,1546.3806762695312,0.625,0.17543859649122806,0.273972602739726,0.2857142857142857
best_ssl,simclr_mild_padim,grid,0.916,1569.7455566406254,0.625,0.17543859649122806,0.273972602739726,0.2857142857142857
best_ssl,simclr_mild_padim,grid,0.921,1594.9736175537118,0.625,0.17543859649122806,0.273972602739726,0.2857142857142857
best_ssl,simclr_mild_padim,grid,0.926,1643.230987548829,0.625,0.17543859649122806,0.273972602739726,0.2857142857142857
best_ssl,simclr_mild_padim,grid,0.931,1691.4883575439462,0.6428571428571429,0.15789473684210525,0.2535211267605634,0.23809523809523808
best_ssl,simclr_mild_padim,grid,0.936,1739.7457275390634,0.6428571428571429,0.15789473684210525,0.2535211267605634,0.23809523809523808
best_ssl,simclr_mild_padim,grid,0.942,1797.654571533202,0.6428571428571429,0.15789473684210525,0.2535211267605634,0.23809523809523808
best_ssl,simclr_mild_padim,grid,0.947,1845.9119415283192,0.6923076923076923,0.15789473684210525,0.2571428571428571,0.19047619047619047
best_ssl,simclr_mild_padim,grid,0.952,1894.1693115234364,0.6923076923076923,0.15789473684210525,0.2571428571428571,0.19047619047619047
best_ssl,simclr_mild_padim,grid,0.957,1942.426681518555,0.6666666666666666,0.14035087719298245,0.2318840579710145,0.19047619047619047
best_ssl,simclr_mild_padim,grid,0.963,1979.0583129882812,0.6666666666666666,0.14035087719298245,0.2318840579710145,0.19047619047619047
best_ssl,simclr_mild_padim,grid,0.968,1991.853662109375,0.6666666666666666,0.14035087719298245,0.2318840579710145,0.19047619047619047
best_ssl,simclr_mild_padim,grid,0.973,2004.6490112304687,0.6666666666666666,0.14035087719298245,0.2318840579710145,0.19047619047619047
best_ssl,simclr_mild_padim,grid,0.978,2017.4443603515624,0.6666666666666666,0.14035087719298245,0.2318840579710145,0.19047619047619047
best_ssl,simclr_mild_padim,grid,0.983,2030.2397094726562,0.6666666666666666,0.14035087719298245,0.2318840579710145,0.19047619047619047
best_ssl,simclr_mild_padim,grid,0.989,2045.594128417969,0.6666666666666666,0.14035087719298245,0.2318840579710145,0.19047619047619047
best_ssl,simclr_mild_padim,grid,0.994,2058.3894775390627,0.6666666666666666,0.14035087719298245,0.2318840579710145,0.19047619047619047
best_ssl,simclr_mild_padim,grid,0.999,2071.1848266601564,0.6666666666666666,0.14035087719298245,0.2318840579710145,0.19047619047619047
best_ssl,simclr_mild_padim,hazelnut,0.9,3967.8567382812525,0.9444444444444444,0.4857142857142857,0.6415094339622641,0.05
best_ssl,simclr_mild_padim,hazelnut,0.905,4128.436704101563,0.9444444444444444,0.4857142857142857,0.6415094339622641,0.05
best_ssl,simclr_mild_padim,hazelnut,0.91,4289.0166699218735,0.9428571428571428,0.4714285714285714,0.6285714285714286,0.05
best_ssl,simclr_mild_padim,hazelnut,0.916,4481.71262890625,0.9428571428571428,0.4714285714285714,0.6285714285714286,0.05
best_ssl,simclr_mild_padim,hazelnut,0.921,4642.292594726567,0.9411764705882353,0.45714285714285713,0.6153846153846154,0.05
best_ssl,simclr_mild_padim,hazelnut,0.926,4711.801431640626,0.9411764705882353,0.45714285714285713,0.6153846153846154,0.05
best_ssl,simclr_mild_padim,hazelnut,0.931,4780.341426757813,0.9411764705882353,0.45714285714285713,0.6153846153846154,0.05
best_ssl,simclr_mild_padim,hazelnut,0.936,4848.881421875002,0.9411764705882353,0.45714285714285713,0.6153846153846154,0.05
best_ssl,simclr_mild_padim,hazelnut,0.942,4931.129416015625,0.9411764705882353,0.45714285714285713,0.6153846153846154,0.05
best_ssl,simclr_mild_padim,hazelnut,0.947,4999.669411132812,0.9393939393939394,0.44285714285714284,0.6019417475728155,0.05
best_ssl,simclr_mild_padim,hazelnut,0.952,5522.827890625005,0.9354838709677419,0.4142857142857143,0.5742574257425742,0.05
best_ssl,simclr_mild_padim,hazelnut,0.957,6082.149204101562,0.9666666666666667,0.4142857142857143,0.58,0.025
best_ssl,simclr_mild_padim,hazelnut,0.963,6753.334780273441,0.9655172413793104,0.4,0.5656565656565656,0.025
best_ssl,simclr_mild_padim,hazelnut,0.968,7312.656093749997,0.9642857142857143,0.38571428571428573,0.5510204081632653,0.025
best_ssl,simclr_mild_padim,hazelnut,0.973,7871.977407226553,0.9642857142857143,0.38571428571428573,0.5510204081632653,0.025
best_ssl,simclr_mild_padim,hazelnut,0.978,8460.22854492188,0.9642857142857143,0.38571428571428573,0.5510204081632653,0.025
best_ssl,simclr_mild_padim,hazelnut,0.983,9053.06611816406,0.9629629629629629,0.37142857142857144,0.5360824742268041,0.025
best_ssl,simclr_mild_padim,hazelnut,0.989,9764.47120605469,0.9629629629629629,0.37142857142857144,0.5360824742268041,0.025
best_ssl,simclr_mild_padim,hazelnut,0.994,10357.30877929687,0.9629629629629629,0.37142857142857144,0.5360824742268041,0.025
best_ssl,simclr_mild_padim,hazelnut,0.999,10950.146352539074,0.9615384615384616,0.35714285714285715,0.5208333333333334,0.025
best_ssl,simclr_mild_padim,leather,0.9,1233.723779296875,0.7479674796747967,1.0,0.8558139534883721,0.96875
best_ssl,simclr_mild_padim,leather,0.905,1249.3430590820315,0.7479674796747967,1.0,0.8558139534883721,0.96875
best_ssl,simclr_mild_padim,leather,0.91,1264.9623388671876,0.7540983606557377,1.0,0.8598130841121495,0.9375
best_ssl,simclr_mild_padim,leather,0.916,1318.0644252929696,0.7540983606557377,1.0,0.8598130841121495,0.9375
best_ssl,simclr_mild_padim,leather,0.921,1391.7907540283202,0.7540983606557377,1.0,0.8598130841121495,0.9375
best_ssl,simclr_mild_padim,leather,0.926,1465.517082763673,0.7540983606557377,1.0,0.8598130841121495,0.9375
best_ssl,simclr_mild_padim,leather,0.931,1539.2434114990235,0.7540983606557377,1.0,0.8598130841121495,0.9375
best_ssl,simclr_mild_padim,leather,0.936,1612.9697402343763,0.7540983606557377,1.0,0.8598130841121495,0.9375
best_ssl,simclr_mild_padim,leather,0.942,1701.4413347167972,0.7540983606557377,1.0,0.8598130841121495,0.9375
best_ssl,simclr_mild_padim,leather,0.947,1775.1676634521477,0.7540983606557377,1.0,0.8598130841121495,0.9375
best_ssl,simclr_mild_padim,leather,0.952,1848.8939921875005,0.7540983606557377,1.0,0.8598130841121495,0.9375
best_ssl,simclr_mild_padim,leather,0.957,1980.839821655269,0.7540983606557377,1.0,0.8598130841121495,0.9375
best_ssl,simclr_mild_padim,leather,0.963,2799.701516235357,0.7666666666666667,1.0,0.8679245283018868,0.875
best_ssl,simclr_mild_padim,leather,0.968,3482.086261718746,0.7796610169491526,1.0,0.8761904761904762,0.8125
best_ssl,simclr_mild_padim,leather,0.973,4164.471007202135,0.8,1.0,0.8888888888888888,0.71875
best_ssl,simclr_mild_padim,leather,0.978,4846.855752685546,0.7982456140350878,0.9891304347826086,0.883495145631068,0.71875
best_ssl,simclr_mild_padim,leather,0.983,5529.240498168934,0.8108108108108109,0.9782608695652174,0.8866995073891626,0.65625
best_ssl,simclr_mild_padim,leather,0.989,6348.102192749023,0.8181818181818182,0.9782608695652174,0.8910891089108911,0.625
best_ssl,simclr_mild_padim,leather,0.994,7030.486938232412,0.8165137614678899,0.967391304347826,0.8855721393034826,0.625
best_ssl,simclr_mild_padim,leather,0.999,7712.871683715822,0.8240740740740741,0.967391304347826,0.89,0.59375
best_ssl,simclr_mild_padim,metal_nut,0.9,1335.3543579101574,0.9423076923076923,0.5268817204301075,0.6758620689655173,0.13636363636363635
best_ssl,simclr_mild_padim,metal_nut,0.905,1390.4244946289061,0.94,0.5053763440860215,0.6573426573426573,0.13636363636363635
best_ssl,simclr_mild_padim,metal_nut,0.91,1403.8659814453124,0.94,0.5053763440860215,0.6573426573426573,0.13636363636363635
best_ssl,simclr_mild_padim,metal_nut,0.916,1419.995765625,0.94,0.5053763440860215,0.6573426573426573,0.13636363636363635
best_ssl,simclr_mild_padim,metal_nut,0.921,1433.4372524414064,0.9583333333333334,0.4946236559139785,0.6524822695035462,0.09090909090909091
best_ssl,simclr_mild_padim,metal_nut,0.926,1446.8787392578126,0.9583333333333334,0.4946236559139785,0.6524822695035462,0.09090909090909091
best_ssl,simclr_mild_padim,metal_nut,0.931,1460.320226074219,0.9583333333333334,0.4946236559139785,0.6524822695035462,0.09090909090909091
best_ssl,simclr_mild_padim,metal_nut,0.936,1473.7617128906254,0.9583333333333334,0.4946236559139785,0.6524822695035462,0.09090909090909091
best_ssl,simclr_mild_padim,metal_nut,0.942,1489.8914970703124,0.9583333333333334,0.4946236559139785,0.6524822695035462,0.09090909090909091
best_ssl,simclr_mild_padim,metal_nut,0.947,1503.332983886719,0.9574468085106383,0.4838709677419355,0.6428571428571429,0.09090909090909091
best_ssl,simclr_mild_padim,metal_nut,0.952,1516.7744707031247,0.9574468085106383,0.4838709677419355,0.6428571428571429,0.09090909090909091
best_ssl,simclr_mild_padim,metal_nut,0.957,1607.598417968748,0.9523809523809523,0.43010752688172044,0.5925925925925926,0.09090909090909091
best_ssl,simclr_mild_padim,metal_nut,0.963,1724.245624999999,0.9487179487179487,0.3978494623655914,0.5606060606060606,0.09090909090909091
best_ssl,simclr_mild_padim,metal_nut,0.968,1821.4516308593745,0.9473684210526315,0.3870967741935484,0.549618320610687,0.09090909090909091
best_ssl,simclr_mild_padim,metal_nut,0.973,1918.65763671875,0.9473684210526315,0.3870967741935484,0.549618320610687,0.09090909090909091
best_ssl,simclr_mild_padim,metal_nut,0.978,2015.863642578125,0.9473684210526315,0.3870967741935484,0.549618320610687,0.09090909090909091
best_ssl,simclr_mild_padim,metal_nut,0.983,2113.0696484375007,0.9444444444444444,0.3655913978494624,0.5271317829457365,0.09090909090909091
best_ssl,simclr_mild_padim,metal_nut,0.989,2229.7168554687487,0.9428571428571428,0.3548387096774194,0.515625,0.09090909090909091
best_ssl,simclr_mild_padim,metal_nut,0.994,2326.922861328124,0.9393939393939394,0.3333333333333333,0.49206349206349204,0.09090909090909091
best_ssl,simclr_mild_padim,metal_nut,0.999,2424.128867187499,0.96875,0.3333333333333333,0.496,0.045454545454545456
best_ssl,simclr_mild_padim,pill,0.9,4449.55913085938,1.0,0.2624113475177305,0.4157303370786517,0.0
best_ssl,simclr_mild_padim,pill,0.905,4775.187961425784,1.0,0.2553191489361702,0.4067796610169492,0.0
best_ssl,simclr_mild_padim,pill,0.91,5100.816791992188,1.0,0.22695035460992907,0.3699421965317919,0.0
best_ssl,simclr_mild_padim,pill,0.916,5491.571388671881,1.0,0.19858156028368795,0.33136094674556216,0.0
best_ssl,simclr_mild_padim,pill,0.921,5817.200219238285,1.0,0.19148936170212766,0.32142857142857145,0.0
best_ssl,simclr_mild_padim,pill,0.926,6236.557107421877,1.0,0.14893617021276595,0.25925925925925924,0.0
best_ssl,simclr_mild_padim,pill,0.931,6722.510247070324,1.0,0.14184397163120568,0.2484472049689441,0.0
best_ssl,simclr_mild_padim,pill,0.936,7208.463386718758,1.0,0.14184397163120568,0.2484472049689441,0.0
best_ssl,simclr_mild_padim,pill,0.942,7791.607154296865,1.0,0.1276595744680851,0.22641509433962265,0.0
best_ssl,simclr_mild_padim,pill,0.947,8277.560293945313,1.0,0.11347517730496454,0.20382165605095542,0.0
best_ssl,simclr_mild_padim,pill,0.952,8763.513433593746,1.0,0.11347517730496454,0.20382165605095542,0.0
best_ssl,simclr_mild_padim,pill,0.957,9249.46657324218,1.0,0.10638297872340426,0.19230769230769232,0.0
best_ssl,simclr_mild_padim,pill,0.963,9707.57469921875,1.0,0.09219858156028368,0.16883116883116883,0.0
best_ssl,simclr_mild_padim,pill,0.968,9765.774328125,1.0,0.09219858156028368,0.16883116883116883,0.0
best_ssl,simclr_mild_padim,pill,0.973,9823.973957031249,1.0,0.09219858156028368,0.16883116883116883,0.0
best_ssl,simclr_mild_padim,pill,0.978,9882.1735859375,1.0,0.09219858156028368,0.16883116883116883,0.0
best_ssl,simclr_mild_padim,pill,0.983,9940.37321484375,1.0,0.0851063829787234,0.1568627450980392,0.0
best_ssl,simclr_mild_padim,pill,0.989,10010.21276953125,1.0,0.0851063829787234,0.1568627450980392,0.0
best_ssl,simclr_mild_padim,pill,0.994,10068.4123984375,1.0,0.0851063829787234,0.1568627450980392,0.0
best_ssl,simclr_mild_padim,pill,0.999,10126.61202734375,1.0,0.0851063829787234,0.1568627450980392,0.0
best_ssl,simclr_mild_padim,screw,0.9,11152.120800781253,0.8235294117647058,0.11764705882352941,0.20588235294117646,0.07317073170731707
best_ssl,simclr_mild_padim,screw,0.905,11328.927915039063,0.8125,0.1092436974789916,0.1925925925925926,0.07317073170731707
best_ssl,simclr_mild_padim,screw,0.91,11509.806708984375,0.8125,0.1092436974789916,0.1925925925925926,0.07317073170731707
best_ssl,simclr_mild_padim,screw,0.916,11726.86126171875,0.8125,0.1092436974789916,0.1925925925925926,0.07317073170731707
best_ssl,simclr_mild_padim,screw,0.921,11907.740055664064,0.8125,0.1092436974789916,0.1925925925925926,0.07317073170731707
best_ssl,simclr_mild_padim,screw,0.926,12088.618849609378,0.8666666666666667,0.1092436974789916,0.19402985074626866,0.04878048780487805
best_ssl,simclr_mild_padim,screw,0.931,12269.497643554689,0.8571428571428571,0.10084033613445378,0.18045112781954886,0.04878048780487805
best_ssl,simclr_mild_padim,screw,0.936,12437.91771875,0.8461538461538461,0.09243697478991597,0.16666666666666666,0.04878048780487805
best_ssl,simclr_mild_padim,screw,0.942,12510.139666015624,0.8333333333333334,0.08403361344537816,0.15267175572519084,0.04878048780487805
best_ssl,simclr_mild_padim,screw,0.947,12570.324622070313,0.8333333333333334,0.08403361344537816,0.15267175572519084,0.04878048780487805
best_ssl,simclr_mild_padim,screw,0.952,12630.509578125,0.8181818181818182,0.07563025210084033,0.13846153846153847,0.04878048780487805
best_ssl,simclr_mild_padim,screw,0.957,12690.694534179687,0.8181818181818182,0.07563025210084033,0.13846153846153847,0.04878048780487805
best_ssl,simclr_mild_padim,screw,0.963,12762.916481445312,0.8181818181818182,0.07563025210084033,0.13846153846153847,0.04878048780487805
best_ssl,simclr_mild_padim,screw,0.968,12829.533335937498,0.8,0.06722689075630252,0.12403100775193798,0.04878048780487805
best_ssl,simclr_mild_padim,screw,0.973,13014.33632421875,0.8,0.06722689075630252,0.12403100775193798,0.04878048780487805
best_ssl,simclr_mild_padim,screw,0.978,13199.139312499998,0.8,0.06722689075630252,0.12403100775193798,0.04878048780487805
best_ssl,simclr_mild_padim,screw,0.983,13383.94230078125,0.75,0.05042016806722689,0.09448818897637795,0.04878048780487805
best_ssl,simclr_mild_padim,screw,0.989,13605.705886718748,0.75,0.05042016806722689,0.09448818897637795,0.04878048780487805
best_ssl,simclr_mild_padim,screw,0.994,13790.508875,0.8333333333333334,0.04201680672268908,0.08,0.024390243902439025
best_ssl,simclr_mild_padim,screw,0.999,13975.311863281251,0.8333333333333334,0.04201680672268908,0.08,0.024390243902439025
best_ssl,simclr_mild_padim,tile,0.9,2551.773876953125,0.9714285714285714,0.40476190476190477,0.5714285714285714,0.030303030303030304
best_ssl,simclr_mild_padim,tile,0.905,2599.6228295898436,0.9696969696969697,0.38095238095238093,0.5470085470085471,0.030303030303030304
best_ssl,simclr_mild_padim,tile,0.91,2640.412939453125,0.9696969696969697,0.38095238095238093,0.5470085470085471,0.030303030303030304
best_ssl,simclr_mild_padim,tile,0.916,2651.2433203125,0.9696969696969697,0.38095238095238093,0.5470085470085471,0.030303030303030304
best_ssl,simclr_mild_padim,tile,0.921,2660.2686376953125,0.9696969696969697,0.38095238095238093,0.5470085470085471,0.030303030303030304
best_ssl,simclr_mild_padim,tile,0.926,2669.293955078125,0.9696969696969697,0.38095238095238093,0.5470085470085471,0.030303030303030304
best_ssl,simclr_mild_padim,tile,0.931,2678.3192724609376,0.9696969696969697,0.38095238095238093,0.5470085470085471,0.030303030303030304
best_ssl,simclr_mild_padim,tile,0.936,2687.3445898437503,0.9696969696969697,0.38095238095238093,0.5470085470085471,0.030303030303030304
best_ssl,simclr_mild_padim,tile,0.942,2698.174970703125,0.9696969696969697,0.38095238095238093,0.5470085470085471,0.030303030303030304
best_ssl,simclr_mild_padim,tile,0.947,2707.2002880859372,0.9696969696969697,0.38095238095238093,0.5470085470085471,0.030303030303030304
best_ssl,simclr_mild_padim,tile,0.952,2716.22560546875,0.9696969696969697,0.38095238095238093,0.5470085470085471,0.030303030303030304
best_ssl,simclr_mild_padim,tile,0.957,2747.7765166015615,0.9696969696969697,0.38095238095238093,0.5470085470085471,0.030303030303030304
best_ssl,simclr_mild_padim,tile,0.963,2813.6694599609373,0.96875,0.36904761904761907,0.5344827586206896,0.030303030303030304
best_ssl,simclr_mild_padim,tile,0.968,2868.58024609375,0.967741935483871,0.35714285714285715,0.5217391304347826,0.030303030303030304
best_ssl,simclr_mild_padim,tile,0.973,2923.491032226562,0.9666666666666667,0.34523809523809523,0.5087719298245614,0.030303030303030304
best_ssl,simclr_mild_padim,tile,0.978,2978.401818359374,0.9655172413793104,0.3333333333333333,0.49557522123893805,0.030303030303030304
best_ssl,simclr_mild_padim,tile,0.983,3033.3126044921883,0.9642857142857143,0.32142857142857145,0.48214285714285715,0.030303030303030304
best_ssl,simclr_mild_padim,tile,0.989,3099.205547851562,0.9615384615384616,0.2976190476190476,0.45454545454545453,0.030303030303030304
best_ssl,simclr_mild_padim,tile,0.994,3154.1163339843743,0.9583333333333334,0.27380952380952384,0.42592592592592593,0.030303030303030304
best_ssl,simclr_mild_padim,tile,0.999,3209.027120117188,0.9565217391304348,0.2619047619047619,0.411214953271028,0.030303030303030304
best_ssl,simclr_mild_padim,toothbrush,0.9,47125.703125,0.8823529411764706,1.0,0.9375,0.3333333333333333
best_ssl,simclr_mild_padim,toothbrush,0.905,47184.1052734375,0.8823529411764706,1.0,0.9375,0.3333333333333333
best_ssl,simclr_mild_padim,toothbrush,0.91,47242.507421875,0.8823529411764706,1.0,0.9375,0.3333333333333333
best_ssl,simclr_mild_padim,toothbrush,0.916,47312.59,0.8823529411764706,1.0,0.9375,0.3333333333333333
best_ssl,simclr_mild_padim,toothbrush,0.921,47370.9921484375,0.8823529411764706,1.0,0.9375,0.3333333333333333
best_ssl,simclr_mild_padim,toothbrush,0.926,47429.394296875,0.8823529411764706,1.0,0.9375,0.3333333333333333
best_ssl,simclr_mild_padim,toothbrush,0.931,47487.7964453125,0.8823529411764706,1.0,0.9375,0.3333333333333333
best_ssl,simclr_mild_padim,toothbrush,0.936,47546.19859375,0.8823529411764706,1.0,0.9375,0.3333333333333333
best_ssl,simclr_mild_padim,toothbrush,0.942,47616.281171875,0.8823529411764706,1.0,0.9375,0.3333333333333333
best_ssl,simclr_mild_padim,toothbrush,0.947,47674.6833203125,0.8823529411764706,1.0,0.9375,0.3333333333333333
best_ssl,simclr_mild_padim,toothbrush,0.952,47733.085468749996,0.8823529411764706,1.0,0.9375,0.3333333333333333
best_ssl,simclr_mild_padim,toothbrush,0.957,47791.4876171875,0.8823529411764706,1.0,0.9375,0.3333333333333333
best_ssl,simclr_mild_padim,toothbrush,0.963,47861.570195312495,0.8823529411764706,1.0,0.9375,0.3333333333333333
best_ssl,simclr_mild_padim,toothbrush,0.968,47919.97234375,0.8823529411764706,1.0,0.9375,0.3333333333333333
best_ssl,simclr_mild_padim,toothbrush,0.973,47978.374492187504,0.8823529411764706,1.0,0.9375,0.3333333333333333
best_ssl,simclr_mild_padim,toothbrush,0.978,48036.776640625,0.8823529411764706,1.0,0.9375,0.3333333333333333
best_ssl,simclr_mild_padim,toothbrush,0.983,48095.1787890625,0.8823529411764706,1.0,0.9375,0.3333333333333333
best_ssl,simclr_mild_padim,toothbrush,0.989,48165.2613671875,0.8823529411764706,1.0,0.9375,0.3333333333333333
best_ssl,simclr_mild_padim,toothbrush,0.994,48223.663515625,0.8823529411764706,1.0,0.9375,0.3333333333333333
best_ssl,simclr_mild_padim,toothbrush,0.999,48282.0656640625,0.8823529411764706,1.0,0.9375,0.3333333333333333
best_ssl,simclr_mild_padim,transistor,0.9,4720.859375,0.8285714285714286,0.725,0.7733333333333333,0.1
best_ssl,simclr_mild_padim,transistor,0.905,5962.053515625017,0.8709677419354839,0.675,0.7605633802816901,0.06666666666666667
best_ssl,simclr_mild_padim,transistor,0.91,7203.2476562499905,0.9259259259259259,0.625,0.746268656716418,0.03333333333333333
best_ssl,simclr_mild_padim,transistor,0.916,8692.680625000005,0.9615384615384616,0.625,0.7575757575757576,0.016666666666666666
best_ssl,simclr_mild_padim,transistor,0.921,9933.874765625022,1.0,0.575,0.7301587301587301,0.0
best_ssl,simclr_mild_padim,transistor,0.926,11175.068906249995,1.0,0.575,0.7301587301587301,0.0
best_ssl,simclr_mild_padim,transistor,0.931,12416.263046875012,1.0,0.55,0.7096774193548387,0.0
best_ssl,simclr_mild_padim,transistor,0.936,13657.45718750003,1.0,0.55,0.7096774193548387,0.0
best_ssl,simclr_mild_padim,transistor,0.942,15146.890156249998,1.0,0.55,0.7096774193548387,0.0
best_ssl,simclr_mild_padim,transistor,0.947,16388.08429687497,1.0,0.55,0.7096774193548387,0.0
best_ssl,simclr_mild_padim,transistor,0.952,17403.029843749995,1.0,0.55,0.7096774193548387,0.0
best_ssl,simclr_mild_padim,transistor,0.957,18078.602500000005,1.0,0.525,0.6885245901639344,0.0
best_ssl,simclr_mild_padim,transistor,0.963,18889.289687499986,1.0,0.5,0.6666666666666666,0.0
best_ssl,simclr_mild_padim,transistor,0.968,19564.862343749995,1.0,0.5,0.6666666666666666,0.0
best_ssl,simclr_mild_padim,transistor,0.973,20240.435000000005,1.0,0.5,0.6666666666666666,0.0
best_ssl,simclr_mild_padim,transistor,0.978,20916.007656249993,1.0,0.5,0.6666666666666666,0.0
best_ssl,simclr_mild_padim,transistor,0.983,21591.580312500002,1.0,0.5,0.6666666666666666,0.0
best_ssl,simclr_mild_padim,transistor,0.989,22402.26750000001,1.0,0.5,0.6666666666666666,0.0
best_ssl,simclr_mild_padim,transistor,0.994,23077.840156249993,1.0,0.5,0.6666666666666666,0.0
best_ssl,simclr_mild_padim,transistor,0.999,23753.412812500002,1.0,0.5,0.6666666666666666,0.0
best_ssl,simclr_mild_padim,wood,0.9,3741.584082031253,1.0,0.4,0.5714285714285714,0.0
best_ssl,simclr_mild_padim,wood,0.905,3972.9873242187477,1.0,0.36666666666666664,0.5365853658536586,0.0
best_ssl,simclr_mild_padim,wood,0.91,4204.3905664062495,1.0,0.3333333333333333,0.5,0.0
best_ssl,simclr_mild_padim,wood,0.916,4482.074457031254,1.0,0.31666666666666665,0.4810126582278481,0.0
best_ssl,simclr_mild_padim,wood,0.921,4555.002925781249,1.0,0.3,0.46153846153846156,0.0
best_ssl,simclr_mild_padim,wood,0.926,4603.55066015625,1.0,0.3,0.46153846153846156,0.0
best_ssl,simclr_mild_padim,wood,0.931,4652.09839453125,1.0,0.3,0.46153846153846156,0.0
best_ssl,simclr_mild_padim,wood,0.936,4700.646128906251,1.0,0.3,0.46153846153846156,0.0
best_ssl,simclr_mild_padim,wood,0.942,4758.903410156248,1.0,0.3,0.46153846153846156,0.0
best_ssl,simclr_mild_padim,wood,0.947,4807.451144531249,1.0,0.3,0.46153846153846156,0.0
best_ssl,simclr_mild_padim,wood,0.952,4855.99887890625,1.0,0.3,0.46153846153846156,0.0
best_ssl,simclr_mild_padim,wood,0.957,4904.54661328125,1.0,0.3,0.46153846153846156,0.0
best_ssl,simclr_mild_padim,wood,0.963,4980.244558593749,1.0,0.3,0.46153846153846156,0.0
best_ssl,simclr_mild_padim,wood,0.968,5047.47871875,1.0,0.3,0.46153846153846156,0.0
best_ssl,simclr_mild_padim,wood,0.973,5114.71287890625,1.0,0.2833333333333333,0.44155844155844154,0.0
best_ssl,simclr_mild_padim,wood,0.978,5181.947039062501,1.0,0.2833333333333333,0.44155844155844154,0.0
best_ssl,simclr_mild_padim,wood,0.983,5249.1811992187495,1.0,0.2833333333333333,0.44155844155844154,0.0
best_ssl,simclr_mild_padim,wood,0.989,5329.8621914062505,1.0,0.2833333333333333,0.44155844155844154,0.0
best_ssl,simclr_mild_padim,wood,0.994,5397.096351562501,1.0,0.2833333333333333,0.44155844155844154,0.0
best_ssl,simclr_mild_padim,wood,0.999,5464.330511718749,1.0,0.2833333333333333,0.44155844155844154,0.0
best_ssl,simclr_mild_padim,zipper,0.9,2856.65635986328,0.9487179487179487,0.6218487394957983,0.751269035532995,0.125
best_ssl,simclr_mild_padim,zipper,0.905,3001.742743530275,0.948051948051948,0.6134453781512605,0.7448979591836735,0.125
best_ssl,simclr_mild_padim,zipper,0.91,3146.8291271972653,0.9473684210526315,0.6050420168067226,0.7384615384615385,0.125
best_ssl,simclr_mild_padim,zipper,0.916,3281.331910156251,0.9466666666666667,0.5966386554621849,0.7319587628865979,0.125
best_ssl,simclr_mild_padim,zipper,0.921,3359.4462216796874,0.9459459459459459,0.5882352941176471,0.7253886010362695,0.125
best_ssl,simclr_mild_padim,zipper,0.926,3437.5605332031264,0.9459459459459459,0.5882352941176471,0.7253886010362695,0.125
best_ssl,simclr_mild_padim,zipper,0.931,3515.6748447265627,0.9459459459459459,0.5882352941176471,0.7253886010362695,0.125
best_ssl,simclr_mild_padim,zipper,0.936,3593.7891562500017,0.9452054794520548,0.5798319327731093,0.71875,0.125
best_ssl,simclr_mild_padim,zipper,0.942,3687.5263300781253,0.9444444444444444,0.5714285714285714,0.7120418848167539,0.125
best_ssl,simclr_mild_padim,zipper,0.947,3765.6406416015616,0.9436619718309859,0.5630252100840336,0.7052631578947368,0.125
best_ssl,simclr_mild_padim,zipper,0.952,3843.7549531250006,0.9420289855072463,0.5462184873949579,0.6914893617021277,0.125
best_ssl,simclr_mild_padim,zipper,0.957,3961.629237304684,0.9538461538461539,0.5210084033613446,0.6739130434782609,0.09375
best_ssl,simclr_mild_padim,zipper,0.963,4554.173340820316,0.9444444444444444,0.42857142857142855,0.5895953757225434,0.09375
best_ssl,simclr_mild_padim,zipper,0.968,5047.960093749997,0.9387755102040817,0.3865546218487395,0.5476190476190477,0.09375
best_ssl,simclr_mild_padim,zipper,0.973,5541.746846679678,0.9318181818181818,0.3445378151260504,0.5030674846625767,0.09375
best_ssl,simclr_mild_padim,zipper,0.978,6035.5335996093745,0.9523809523809523,0.33613445378151263,0.4968944099378882,0.0625
best_ssl,simclr_mild_padim,zipper,0.983,6529.3203525390545,0.9523809523809523,0.33613445378151263,0.4968944099378882,0.0625
best_ssl,simclr_mild_padim,zipper,0.989,7121.864456054687,0.95,0.31932773109243695,0.4779874213836478,0.0625
best_ssl,simclr_mild_padim,zipper,0.994,7615.651208984368,0.95,0.31932773109243695,0.4779874213836478,0.0625
best_ssl,simclr_mild_padim,zipper,0.999,8109.437961914064,0.9487179487179487,0.31092436974789917,0.46835443037974683,0.0625
best_overall,imagenet_padim,MEAN,0.9,,0.911432958675334,0.7860388076357686,0.8289771976653115,0.19507988952136582
best_overall,imagenet_padim,MEAN,0.905,,0.9144011028532765,0.7799144855665153,0.8262623414364736,0.18480211174358804
best_overall,imagenet_padim,MEAN,0.91,,0.9160636480463672,0.7685925652337703,0.8181737523900465,0.1750024601756438
best_overall,imagenet_padim,MEAN,0.916,,0.9205833552124945,0.7599869086435918,0.8136748533752596,0.15988987010282044
best_overall,imagenet_padim,MEAN,0.921,,0.9235203671541127,0.7487445186939652,0.8070266725363607,0.14699131937818277
best_overall,imagenet_padim,MEAN,0.926,,0.9251125586882426,0.74210984338983,0.8021824033761711,0.14328196978468682
best_overall,imagenet_padim,MEAN,0.931,,0.9274939129767023,0.7357599914951809,0.7972322445130859,0.13660544847401918
best_overall,imagenet_padim,MEAN,0.936,,0.9330028339366746,0.7301970563204603,0.7946467162087864,0.12622943221385657
best_overall,imagenet_padim,MEAN,0.942,,0.934668137828066,0.7210777437608926,0.7879984812057427,0.11789609888052324
best_overall,imagenet_padim,MEAN,0.947,,0.9359000968086644,0.7184492305819208,0.7863227716352458,0.11372943221385658
best_overall,imagenet_padim,MEAN,0.952,,0.9382773252569611,0.7087452363445951,0.7789647050147948,0.10835341595369395
best_overall,imagenet_padim,MEAN,0.957,,0.9373052663684711,0.6901234392791535,0.7644874332492563,0.10609287955522652
best_overall,imagenet_padim,MEAN,0.963,,0.9358547145606411,0.6672987795279012,0.7469892822862104,0.09593414939649637
best_overall,imagenet_padim,MEAN,0.968,,0.9363205419114312,0.65063965405592,0.7301608444835092,0.0896882500953981
best_overall,imagenet_padim,MEAN,0.973,,0.9363422346703753,0.6397075498408029,0.7179673395235758,0.08691047231762032
best_overall,imagenet_padim,MEAN,0.978,,0.9431485799437921,0.6331249301003267,0.7112805468115951,0.07861778939079105
best_overall,imagenet_padim,MEAN,0.983,,0.9457118078988779,0.6227847249673601,0.6997485344174936,0.074570170343172
best_overall,imagenet_padim,MEAN,0.989,,0.9432559097888702,0.6159999679908498,0.69199090256053,0.06699441276741443
best_overall,imagenet_padim,MEAN,0.994,,0.946309287739121,0.6103220168429656,0.6843776982946662,0.06532774610074775
best_overall,imagenet_padim,MEAN,0.999,,0.947379673498956,0.6031217480565036,0.6781754635530217,0.0618189741709232
best_ssl,simclr_mild_padim,MEAN,0.9,,0.9025030483025115,0.5021943900774477,0.593592755236506,0.1607353879680369
best_ssl,simclr_mild_padim,MEAN,0.905,,0.9042804887621151,0.49202457976027575,0.5856484814079028,0.15851316574581464
best_ssl,simclr_mild_padim,MEAN,0.91,,0.9076828564182691,0.47964358558467574,0.5746856034648478,0.1542076101902591
best_ssl,simclr_mild_padim,MEAN,0.916,,0.9086820170568732,0.4706229466377278,0.5648338078078792,0.153096499079148
best_ssl,simclr_mild_padim,MEAN,0.921,,0.9115275740105012,0.46080372108182677,0.5562215576828472,0.14895508493773385
best_ssl,simclr_mild_padim,MEAN,0.926,,0.9147024288714026,0.4566305831729362,0.5505433778417752,0.14732906867757126
best_ssl,simclr_mild_padim,MEAN,0.931,,0.9151031257355142,0.4514006040690691,0.544300163069952,0.14415446550296807
best_ssl,simclr_mild_padim,MEAN,0.936,,0.9158252256106377,0.4495310922193854,0.5419110220032868,0.1412559147783304
best_ssl,simclr_mild_padim,MEAN,0.942,,0.9144652847063648,0.4435082657797336,0.53494839724991,0.13792258144499706
best_ssl,simclr_mild_padim,MEAN,0.947,,0.9175318860943714,0.4403331883820393,0.5316938352974704,0.1347479782703939
best_ssl,simclr_mild_padim,MEAN,0.952,,0.9191052754657334,0.4346868580509439,0.5253090030953191,0.13359855298303758
best_ssl,simclr_mild_padim,MEAN,0.957,,0.919319901305747,0.4226082016040139,0.5139359464457304,0.12984855298303757
best_ssl,simclr_mild_padim,MEAN,0.963,,0.9226391113286032,0.40810201170805005,0.5000976342689517,0.11988478486709556
best_ssl,simclr_mild_padim,MEAN,0.968,,0.9212136660642984,0.3991342663411875,0.4905992912974749,0.11571811820042889
best_ssl,simclr_mild_padim,MEAN,0.973,,0.9270801951094467,0.391642850149661,0.482146591621127,0.10831869291307256
best_ssl,simclr_mild_padim,MEAN,0.978,,0.9282574590634802,0.3895643375852149,0.48049568984991814,0.10623535957973922
best_ssl,simclr_mild_padim,MEAN,0.983,,0.9253965885135594,0.38406671498370903,0.4745514420867123,0.10206869291307255
best_ssl,simclr_mild_padim,MEAN,0.989,,0.9253521051357426,0.379305860862733,0.4689749729451813,0.09998535957973922
best_ssl,simclr_mild_padim,MEAN,0.994,,0.9302569347041808,0.3743883849532567,0.4633637218821198,0.09835934331957662
best_ssl,simclr_mild_padim,MEAN,0.999,,0.9324168164577004,0.37208212911758914,0.4612818061541702,0.09324570695594026
