ablation_factor,setting,category,representation_source,anomaly_head,aug_strength,layer_name,coreset_ratio,feature_dim,memory_bank_n,memory_bank_mb,checkpoint_size_mb,fit_sec,peak_gpu_mem_mb,img_roc_auc,img_pr_auc,px_roc_auc,sec_per_img,n_eval_images
augmentation_strength,mild,bottle,simclr,patchcore,mild,layer3,0.05,256.0,1842.0,1.798828125,42.7114782333374,3.3083114624023438,368.7978515625,0.9777777777777777,0.9936690567248483,0.961189802890781,0.023159478084150566,83.0
augmentation_strength,mild,cable,simclr,patchcore,mild,layer3,0.05,256.0,1980.0,1.93359375,42.7114782333374,5.676506996154785,368.7978515625,0.7509370314842578,0.8236883510965867,0.909374465548891,0.03260220050811768,150.0
augmentation_strength,mild,capsule,simclr,patchcore,mild,layer3,0.05,256.0,1931.0,1.8857421875,42.7114782333374,5.300431966781616,368.7978515625,0.563621858795373,0.8333298273121934,0.954735370005934,0.030995060097087513,132.0
augmentation_strength,mild,carpet,simclr,patchcore,mild,layer3,0.05,256.0,2470.0,2.412109375,42.7114782333374,6.598690986633301,368.7978515625,0.6825842696629214,0.8796864750775353,0.7195043607675885,0.03425035517439883,117.0
augmentation_strength,mild,grid,simclr,patchcore,mild,layer3,0.05,256.0,2332.0,2.27734375,42.7114782333374,3.4664554595947266,368.7978515625,0.6073517126148705,0.7998272097638885,0.6874164275720204,0.02029401522416335,78.0
augmentation_strength,mild,hazelnut,simclr,patchcore,mild,layer3,0.05,256.0,3450.0,3.369140625,42.7114782333374,9.540697574615479,368.7978515625,0.9139285714285714,0.9513549517365096,0.9756066232265489,0.03296505104411732,110.0
augmentation_strength,mild,leather,simclr,patchcore,mild,layer3,0.05,256.0,2166.0,2.115234375,42.7114782333374,5.403691053390503,368.7978515625,0.8953804347826086,0.9652630842980088,0.9727549933416408,0.0298885376222672,124.0
augmentation_strength,mild,metal_nut,simclr,patchcore,mild,layer3,0.05,256.0,1940.0,1.89453125,42.7114782333374,2.7566051483154297,368.7978515625,0.6705767350928641,0.9027511462842015,0.8747423859857475,0.017972923361736795,115.0
augmentation_strength,mild,pill,simclr,patchcore,mild,layer3,0.05,256.0,2352.0,2.296875,42.7114782333374,4.523986577987671,368.7978515625,0.6849427168576103,0.9156909859239905,0.8837929290871392,0.021850712998898444,167.0
augmentation_strength,mild,screw,simclr,patchcore,mild,layer3,0.05,256.0,2822.0,2.755859375,42.7114782333374,4.286054849624634,368.7978515625,0.5812666530026646,0.8070960255638684,0.9217664694645458,0.018003951013088226,160.0
augmentation_strength,mild,tile,simclr,patchcore,mild,layer3,0.05,256.0,2029.0,1.9814453125,42.7114782333374,4.255722999572754,368.7978515625,0.8932178932178932,0.9603843322159937,0.8333251651797157,0.025226678603734724,117.0
augmentation_strength,mild,toothbrush,simclr,patchcore,mild,layer3,0.05,256.0,529.0,0.5166015625,42.7114782333374,1.8340091705322266,361.6728515625,0.6666666666666666,0.8568178544954033,0.9292636518606128,0.040275863238743374,42.0
augmentation_strength,mild,transistor,simclr,patchcore,mild,layer3,0.05,256.0,1882.0,1.837890625,42.7114782333374,5.43279504776001,368.7978515625,0.6412500000000001,0.545547765942786,0.8447044856742296,0.03211386203765869,100.0
augmentation_strength,mild,wood,simclr,patchcore,mild,layer3,0.05,256.0,2176.0,2.125,42.7114782333374,6.5162084102630615,368.7978515625,0.9666666666666667,0.9909523797626382,0.8143659675746184,0.0368792950352536,79.0
augmentation_strength,mild,zipper,simclr,patchcore,mild,layer3,0.05,256.0,2117.0,2.0673828125,42.7114782333374,3.022542953491211,368.7978515625,0.7555147058823529,0.8974610731053856,0.9376298063729258,0.017292960590084658,151.0
augmentation_strength_padim,mild,bottle,simclr,padim,mild,layer3,,100.0,196.0,7.55157470703125,42.7114782333374,3.567902088165283,368.7978515625,0.9817460317460318,0.9944952298174483,0.9512932257386478,0.022722270115312325,83.0
augmentation_strength_padim,mild,cable,simclr,padim,mild,layer3,,100.0,196.0,7.55157470703125,42.7114782333374,6.006616830825806,368.7978515625,0.7175787106446776,0.8049154484207901,0.8977761728303879,0.031383940378824866,150.0
augmentation_strength_padim,mild,capsule,simclr,padim,mild,layer3,,100.0,196.0,7.55157470703125,42.7114782333374,5.626742362976074,368.7978515625,0.7151974471479856,0.9218586350752529,0.9242465015827809,0.03163203506758719,132.0
augmentation_strength_padim,mild,carpet,simclr,padim,mild,layer3,,100.0,196.0,7.55157470703125,42.7114782333374,6.936196804046631,368.7978515625,0.5224719101123596,0.8112561018315556,0.7180805015053483,0.032403232704879895,117.0
augmentation_strength_padim,mild,grid,simclr,padim,mild,layer3,,100.0,196.0,7.55157470703125,42.7114782333374,3.6792221069335938,368.7978515625,0.4110275689223058,0.690512341592813,0.6040733778497402,0.019047058545626126,78.0
augmentation_strength_padim,mild,hazelnut,simclr,padim,mild,layer3,,100.0,196.0,7.55157470703125,42.7114782333374,10.045374631881714,368.7978515625,0.7760714285714285,0.8726016866047825,0.9482308538631393,0.031562855026938695,110.0
augmentation_strength_padim,mild,leather,simclr,padim,mild,layer3,,100.0,196.0,7.55157470703125,42.7114782333374,5.8488686084747314,368.7978515625,0.9205163043478262,0.9696904806378922,0.9749199702809137,0.028236044991400935,124.0
augmentation_strength_padim,mild,metal_nut,simclr,padim,mild,layer3,,100.0,196.0,7.55157470703125,42.7114782333374,3.037416458129883,368.7978515625,0.7903225806451613,0.9393789046631661,0.9023856622166968,0.018198419653851054,115.0
augmentation_strength_padim,mild,pill,simclr,padim,mild,layer3,,100.0,196.0,7.55157470703125,42.7114782333374,4.839090347290039,368.7978515625,0.760229132569558,0.9439337024200736,0.8243053783062952,0.02132871907628225,167.0
augmentation_strength_padim,mild,screw,simclr,padim,mild,layer3,,100.0,196.0,7.55157470703125,42.7114782333374,4.585563898086548,368.7978515625,0.5587210493953678,0.7825916004553638,0.8743648542621291,0.016323240101337434,160.0
augmentation_strength_padim,mild,tile,simclr,padim,mild,layer3,,100.0,196.0,7.55157470703125,42.7114782333374,4.5817177295684814,368.7978515625,0.8207070707070707,0.910987438857158,0.8594579313586592,0.024652945689665966,117.0
augmentation_strength_padim,mild,toothbrush,simclr,padim,mild,layer3,,100.0,196.0,7.55157470703125,42.7114782333374,2.0345299243927,361.6728515625,1.0,0.9999999999999999,0.957798298942864,0.036559808821905224,42.0
augmentation_strength_padim,mild,transistor,simclr,padim,mild,layer3,,100.0,196.0,7.55157470703125,42.7114782333374,5.610229730606079,368.7978515625,0.895,0.8989574458755871,0.9666369632564148,0.030902595520019532,100.0
augmentation_strength_padim,mild,wood,simclr,padim,mild,layer3,,100.0,196.0,7.55157470703125,42.7114782333374,6.832744359970093,368.7978515625,0.9482456140350878,0.9836320316104955,0.8000262579049007,0.03558626959595499,79.0
augmentation_strength_padim,mild,zipper,simclr,padim,mild,layer3,,100.0,196.0,7.55157470703125,42.7114782333374,3.3173635005950928,368.7978515625,0.8592436974789917,0.94398174357049,0.8987150991069331,0.016705688261827886,151.0
augmentation_strength,strong,bottle,simclr,patchcore,strong,layer3,0.05,256.0,1842.0,1.798828125,42.71171855926514,3.33856463432312,368.7978515625,0.9888888888888888,0.9969078969078968,0.9576111651625083,0.023616839604205395,83.0
augmentation_strength,strong,cable,simclr,patchcore,strong,layer3,0.05,256.0,1980.0,1.93359375,42.71171855926514,5.7245934009552,368.7978515625,0.6791604197901049,0.7837085949812956,0.9067058927314431,0.032747562726338705,150.0
augmentation_strength,strong,capsule,simclr,patchcore,strong,layer3,0.05,256.0,1931.0,1.8857421875,42.71171855926514,5.384256362915039,368.7978515625,0.6071001196649382,0.8594403073945303,0.9540300712125342,0.03195850415663286,132.0
augmentation_strength,strong,carpet,simclr,patchcore,strong,layer3,0.05,256.0,2470.0,2.412109375,42.71171855926514,6.7519121170043945,368.7978515625,0.6841894060995186,0.880451703494372,0.905189294475794,0.0330249692639734,117.0
augmentation_strength,strong,grid,simclr,patchcore,strong,layer3,0.05,256.0,2332.0,2.27734375,42.71171855926514,3.460458755493164,368.7978515625,0.6031746031746031,0.8165214135024528,0.7002563095406956,0.020599230741843198,78.0
augmentation_strength,strong,hazelnut,simclr,patchcore,strong,layer3,0.05,256.0,3450.0,3.369140625,42.71171855926514,9.804058313369751,368.7978515625,0.8896428571428571,0.9394853800023093,0.9782267708336276,0.032579506527293814,110.0
augmentation_strength,strong,leather,simclr,patchcore,strong,layer3,0.05,256.0,2166.0,2.115234375,42.71171855926514,5.614517450332642,368.7978515625,0.9419157608695652,0.9831556465391555,0.9839803082955489,0.030269094051853303,124.0
augmentation_strength,strong,metal_nut,simclr,patchcore,strong,layer3,0.05,256.0,1940.0,1.89453125,42.71171855926514,2.8171823024749756,368.7978515625,0.6500488758553274,0.900265393648904,0.9007786183538466,0.018541684358016303,115.0
augmentation_strength,strong,pill,simclr,patchcore,strong,layer3,0.05,256.0,2352.0,2.296875,42.71171855926514,4.611862421035767,368.7978515625,0.6873977086743044,0.9141957996644527,0.8867248644419288,0.021307512671647672,167.0
augmentation_strength,strong,screw,simclr,patchcore,strong,layer3,0.05,256.0,2822.0,2.755859375,42.71171855926514,4.2813615798950195,368.7978515625,0.4935437589670015,0.738651091290558,0.9242547640371985,0.017559367418289184,160.0
augmentation_strength,strong,tile,simclr,patchcore,strong,layer3,0.05,256.0,2029.0,1.9814453125,42.71171855926514,4.264953374862671,368.7978515625,0.8088023088023087,0.9240445287192338,0.655971526635979,0.02440277327839126,117.0
augmentation_strength,strong,toothbrush,simclr,patchcore,strong,layer3,0.05,256.0,529.0,0.5166015625,42.71171855926514,1.830148696899414,361.6728515625,0.6027777777777777,0.7846209639739159,0.9279540896990507,0.03730492364792597,42.0
augmentation_strength,strong,transistor,simclr,patchcore,strong,layer3,0.05,256.0,1882.0,1.837890625,42.71171855926514,5.532586097717285,368.7978515625,0.7454166666666666,0.7172370491353904,0.8685110104711062,0.030701968669891357,100.0
augmentation_strength,strong,wood,simclr,patchcore,strong,layer3,0.05,256.0,2176.0,2.125,42.71171855926514,6.514518976211548,368.7978515625,0.8649122807017544,0.9565829878044848,0.7887759977168122,0.0371898759769488,79.0
augmentation_strength,strong,zipper,simclr,patchcore,strong,layer3,0.05,256.0,2117.0,2.0673828125,42.71171855926514,3.0130417346954346,368.7978515625,0.8038340336134453,0.9167567386860722,0.9365659025068298,0.017430599162120693,151.0
augmentation_strength_padim,strong,bottle,simclr,padim,strong,layer3,,100.0,196.0,7.55157470703125,42.71171855926514,3.5494577884674072,368.7978515625,0.9912698412698412,0.997435184326813,0.9514182035116001,0.022231320300734186,83.0
augmentation_strength_padim,strong,cable,simclr,padim,strong,layer3,,100.0,196.0,7.55157470703125,42.71171855926514,5.906372547149658,368.7978515625,0.724512743628186,0.8244504763271345,0.8765025576325182,0.0314341942469279,150.0
augmentation_strength_padim,strong,capsule,simclr,padim,strong,layer3,,100.0,196.0,7.55157470703125,42.71171855926514,5.651964902877808,368.7978515625,0.7179896290386917,0.9230615049095583,0.9282439951792428,0.031139547174627132,132.0
augmentation_strength_padim,strong,carpet,simclr,padim,strong,layer3,,100.0,196.0,7.55157470703125,42.71171855926514,6.9844276905059814,368.7978515625,0.5004012841091493,0.7719694044233438,0.8725586381468798,0.03202058514978132,117.0
augmentation_strength_padim,strong,grid,simclr,padim,strong,layer3,,100.0,196.0,7.55157470703125,42.71171855926514,3.674764633178711,368.7978515625,0.5864661654135339,0.7946905650651324,0.6727131062015705,0.01930105380522899,78.0
augmentation_strength_padim,strong,hazelnut,simclr,padim,strong,layer3,,100.0,196.0,7.55157470703125,42.71171855926514,10.117226600646973,368.7978515625,0.7,0.7496897995376668,0.9412466067617861,0.03185685114427046,110.0
augmentation_strength_padim,strong,leather,simclr,padim,strong,layer3,,100.0,196.0,7.55157470703125,42.71171855926514,5.7631542682647705,368.7978515625,0.920516304347826,0.9751523054709423,0.9780149158006081,0.028885133804813508,124.0
augmentation_strength_padim,strong,metal_nut,simclr,padim,strong,layer3,,100.0,196.0,7.55157470703125,42.71171855926514,3.065998077392578,368.7978515625,0.7311827956989247,0.925862701247711,0.9184175869474326,0.018454566209212594,115.0
augmentation_strength_padim,strong,pill,simclr,padim,strong,layer3,,100.0,196.0,7.55157470703125,42.71171855926514,4.630852937698364,368.7978515625,0.7228587015821059,0.9345188448982729,0.8148942271736002,0.02049001533828096,167.0
augmentation_strength_padim,strong,screw,simclr,padim,strong,layer3,,100.0,196.0,7.55157470703125,42.71171855926514,4.412891149520874,368.7978515625,0.5269522443123591,0.7753293821737302,0.8582471808984531,0.01602471321821213,160.0
augmentation_strength_padim,strong,tile,simclr,padim,strong,layer3,,100.0,196.0,7.55157470703125,42.71171855926514,4.544800281524658,368.7978515625,0.6367243867243868,0.7959559452276646,0.657445210621867,0.024410015497452173,117.0
augmentation_strength_padim,strong,toothbrush,simclr,padim,strong,layer3,,100.0,196.0,7.55157470703125,42.71171855926514,2.030855655670166,361.6728515625,1.0,0.9999999999999999,0.9569111322358443,0.03796228908357166,42.0
augmentation_strength_padim,strong,transistor,simclr,padim,strong,layer3,,100.0,196.0,7.55157470703125,42.71171855926514,5.760143756866455,368.7978515625,0.86375,0.8542117540170764,0.9545432075146473,0.03103113651275635,100.0
augmentation_strength_padim,strong,wood,simclr,padim,strong,layer3,,100.0,196.0,7.55157470703125,42.71171855926514,6.952436208724976,368.7978515625,0.743859649122807,0.8963530928522824,0.7686746548754382,0.03714538224135773,79.0
augmentation_strength_padim,strong,zipper,simclr,padim,strong,layer3,,100.0,196.0,7.55157470703125,42.71171855926514,3.357429265975952,368.7978515625,0.8398109243697479,0.9255078077118001,0.9084674089362963,0.01640546874494742,151.0
embedding_layer,layer2,bottle,simclr,patchcore,strong,layer2,0.05,128.0,6272.0,3.0625,42.71171855926514,3.3474979400634766,374.9228515625,0.9793650793650793,0.9942518352529515,0.9399036114061023,0.02954956135117864,83.0
embedding_layer,layer2,cable,simclr,patchcore,strong,layer2,0.05,128.0,6272.0,3.0625,42.71171855926514,5.152098894119263,374.9228515625,0.5556596701649175,0.6791398644157163,0.8708885344799581,0.037647132873535154,150.0
embedding_layer,layer2,capsule,simclr,patchcore,strong,layer2,0.05,128.0,6272.0,3.0625,42.71171855926514,5.2510459423065186,374.9228515625,0.6374152373354608,0.886273665870084,0.9643754235973597,0.038698131387883965,132.0
embedding_layer,layer2,carpet,simclr,patchcore,strong,layer2,0.05,128.0,6272.0,3.0625,42.71171855926514,5.0721540451049805,374.9228515625,0.7784911717495987,0.9322531379441864,0.8896181238268731,0.043846413620516785,117.0
embedding_layer,layer2,grid,simclr,patchcore,strong,layer2,0.05,128.0,6272.0,3.0625,42.71171855926514,2.6856367588043213,374.9228515625,0.8003341687552215,0.9270164848999425,0.8663102710031839,0.032177344346657775,78.0
embedding_layer,layer2,hazelnut,simclr,patchcore,strong,layer2,0.05,128.0,6272.0,3.0625,42.71171855926514,5.093047857284546,374.9228515625,0.9342857142857143,0.9655960654757503,0.9801959062985522,0.04877664392644709,110.0
embedding_layer,layer2,leather,simclr,patchcore,strong,layer2,0.05,128.0,6272.0,3.0625,42.71171855926514,4.4214558601379395,374.9228515625,0.9701086956521738,0.9911540302030806,0.9924799854385713,0.03722145480494345,124.0
embedding_layer,layer2,metal_nut,simclr,patchcore,strong,layer2,0.05,128.0,6272.0,3.0625,42.71171855926514,2.6960110664367676,374.9228515625,0.4868035190615836,0.7882627473013463,0.8953863338920801,0.02767006210658861,115.0
embedding_layer,layer2,pill,simclr,patchcore,strong,layer2,0.05,128.0,6272.0,3.0625,42.71171855926514,3.428361177444458,374.9228515625,0.7408619749045281,0.9465003586945426,0.9038135328078282,0.030355788990409076,167.0
embedding_layer,layer2,screw,simclr,patchcore,strong,layer2,0.05,128.0,6272.0,3.0625,42.71171855926514,2.664193868637085,374.9228515625,0.6269727403156384,0.8328683063124096,0.9574599833506523,0.027128590643405913,160.0
embedding_layer,layer2,tile,simclr,patchcore,strong,layer2,0.05,128.0,6272.0,3.0625,42.71171855926514,3.805026054382324,374.9228515625,0.8333333333333335,0.9326617419461745,0.5708769869996846,0.031050127795618825,117.0
embedding_layer,layer2,toothbrush,simclr,patchcore,strong,layer2,0.05,128.0,2117.0,1.03369140625,42.71171855926514,1.8885493278503418,361.6728515625,0.7444444444444444,0.9015118155770436,0.9459081479727739,0.0382483857018607,42.0
embedding_layer,layer2,transistor,simclr,patchcore,strong,layer2,0.05,128.0,6272.0,3.0625,42.71171855926514,5.258427858352661,374.9228515625,0.5708333333333333,0.5468312164267504,0.7752522903490228,0.03736424207687378,100.0
embedding_layer,layer2,wood,simclr,patchcore,strong,layer2,0.05,128.0,6272.0,3.0625,42.71171855926514,5.093041658401489,374.9228515625,0.9859649122807017,0.9959174602217938,0.7957491158481086,0.04612987252730358,79.0
embedding_layer,layer2,zipper,simclr,patchcore,strong,layer2,0.05,128.0,6272.0,3.0625,42.71171855926514,2.6204018592834473,374.9228515625,0.6838235294117647,0.8925620238486291,0.9540040391164872,0.026729806369503603,151.0
embedding_layer,layer3,bottle,simclr,patchcore,strong,layer3,0.05,256.0,1842.0,1.798828125,42.71171855926514,3.4305193424224854,368.7978515625,0.9849206349206349,0.995683797413828,0.9575576005601261,0.023162896374622023,83.0
embedding_layer,layer3,cable,simclr,patchcore,strong,layer3,0.05,256.0,1980.0,1.93359375,42.71171855926514,5.748404264450073,368.7978515625,0.6894677661169416,0.7881048005580943,0.9055593490162737,0.03180858294169108,150.0
embedding_layer,layer3,capsule,simclr,patchcore,strong,layer3,0.05,256.0,1931.0,1.8857421875,42.71171855926514,5.411900043487549,368.7978515625,0.5855604307937775,0.8483380216137957,0.9535804717408602,0.03124811251958211,132.0
embedding_layer,layer3,carpet,simclr,patchcore,strong,layer3,0.05,256.0,2470.0,2.412109375,42.71171855926514,6.715939998626709,368.7978515625,0.6773675762439808,0.8796026263001716,0.9041803574254523,0.03337313171125885,117.0
embedding_layer,layer3,grid,simclr,patchcore,strong,layer3,0.05,256.0,2332.0,2.27734375,42.71171855926514,3.4078149795532227,368.7978515625,0.6015037593984962,0.7994972323431737,0.6993069319817364,0.019937554995218914,78.0
embedding_layer,layer3,hazelnut,simclr,patchcore,strong,layer3,0.05,256.0,3450.0,3.369140625,42.71171855926514,9.906281232833862,368.7978515625,0.8967857142857143,0.9455801536477213,0.977410196033279,0.03242154988375577,110.0
embedding_layer,layer3,leather,simclr,patchcore,strong,layer3,0.05,256.0,2166.0,2.115234375,42.71171855926514,5.701556921005249,368.7978515625,0.9225543478260869,0.9773637288298453,0.9830859202197701,0.03028269544724495,124.0
embedding_layer,layer3,metal_nut,simclr,patchcore,strong,layer3,0.05,256.0,1940.0,1.89453125,42.71171855926514,2.7467730045318604,368.7978515625,0.7072336265884653,0.9211292501529138,0.9013924042789246,0.01893210203751274,115.0
embedding_layer,layer3,pill,simclr,patchcore,strong,layer3,0.05,256.0,2352.0,2.296875,42.71171855926514,4.3913352489471436,368.7978515625,0.7261320240043644,0.9295250953188952,0.8861531379948779,0.02137284078997766,167.0
embedding_layer,layer3,screw,simclr,patchcore,strong,layer3,0.05,256.0,2822.0,2.755859375,42.71171855926514,4.177016019821167,368.7978515625,0.582496413199426,0.7958969041872599,0.9213209153710252,0.01790827065706253,160.0
embedding_layer,layer3,tile,simclr,patchcore,strong,layer3,0.05,256.0,2029.0,1.9814453125,42.71171855926514,4.308688402175903,368.7978515625,0.8098845598845599,0.9253091174848995,0.6520256195962018,0.025764467369796883,117.0
embedding_layer,layer3,toothbrush,simclr,patchcore,strong,layer3,0.05,256.0,529.0,0.5166015625,42.71171855926514,1.84763503074646,361.6728515625,0.7138888888888888,0.8796554587157579,0.9208308743165137,0.03685623691195533,42.0
embedding_layer,layer3,transistor,simclr,patchcore,strong,layer3,0.05,256.0,1882.0,1.837890625,42.71171855926514,5.473015308380127,368.7978515625,0.7733333333333333,0.74393698797942,0.8651509954969622,0.03131317377090454,100.0
embedding_layer,layer3,wood,simclr,patchcore,strong,layer3,0.05,256.0,2176.0,2.125,42.71171855926514,6.671857595443726,368.7978515625,0.8649122807017544,0.9552360274227586,0.7816157852185667,0.03683251670644253,79.0
embedding_layer,layer3,zipper,simclr,patchcore,strong,layer3,0.05,256.0,2117.0,2.0673828125,42.71171855926514,3.1669561862945557,368.7978515625,0.7896533613445378,0.9012642872667469,0.9365618768696531,0.01778854913269447,151.0
embedding_layer,layer4,bottle,simclr,patchcore,strong,layer4,0.05,512.0,461.0,0.900390625,42.71171855926514,3.4081950187683105,365.6923828125,0.9579365079365079,0.9867018708151483,0.9120847300058597,0.0231874908309385,83.0
embedding_layer,layer4,cable,simclr,patchcore,strong,layer4,0.05,512.0,495.0,0.966796875,42.71171855926514,5.680611610412598,365.6923828125,0.7020239880059971,0.8149806111688851,0.8605931254204461,0.031183609962463377,150.0
embedding_layer,layer4,capsule,simclr,patchcore,strong,layer4,0.05,512.0,483.0,0.943359375,42.71171855926514,5.338315725326538,365.6923828125,0.5783805345033906,0.8495043475447162,0.9154358181695406,0.03148225040146799,132.0
embedding_layer,layer4,carpet,simclr,patchcore,strong,layer4,0.05,512.0,617.0,1.205078125,42.71171855926514,6.659334659576416,365.6923828125,0.5890850722311396,0.8022490885939964,0.83928722572014,0.032145033534775436,117.0
embedding_layer,layer4,grid,simclr,patchcore,strong,layer4,0.05,512.0,583.0,1.138671875,42.71171855926514,3.441655397415161,365.6923828125,0.504594820384294,0.7238429202327376,0.6075544223381312,0.01922456117776724,78.0
embedding_layer,layer4,hazelnut,simclr,patchcore,strong,layer4,0.05,512.0,862.0,1.68359375,42.71171855926514,9.686920404434204,365.6923828125,0.7910714285714286,0.8879176930128203,0.9578980218622674,0.031887297196821734,110.0
embedding_layer,layer4,leather,simclr,patchcore,strong,layer4,0.05,512.0,541.0,1.056640625,42.71171855926514,5.48070502281189,365.6923828125,0.8675271739130435,0.95788894598866,0.9456473991665466,0.02873423022608603,124.0
embedding_layer,layer4,metal_nut,simclr,patchcore,strong,layer4,0.05,512.0,485.0,0.947265625,42.71171855926514,2.7235212326049805,365.6923828125,0.563049853372434,0.8523046519084454,0.7760481359921411,0.017586942341016685,115.0
embedding_layer,layer4,pill,simclr,patchcore,strong,layer4,0.05,512.0,588.0,1.1484375,42.71171855926514,4.445004224777222,365.6923828125,0.7013093289689035,0.916140491898868,0.8640542284012087,0.020796527405698855,167.0
embedding_layer,layer4,screw,simclr,patchcore,strong,layer4,0.05,512.0,706.0,1.37890625,42.71171855926514,4.316560506820679,365.6923828125,0.42672678827628613,0.7072949634131653,0.8415212414049937,0.016063687205314637,160.0
embedding_layer,layer4,tile,simclr,patchcore,strong,layer4,0.05,512.0,507.0,0.990234375,42.71171855926514,4.2605040073394775,365.6923828125,0.7564935064935064,0.89283423293278,0.7283390532944233,0.024668936036590837,117.0
embedding_layer,layer4,toothbrush,simclr,patchcore,strong,layer4,0.05,512.0,132.0,0.2578125,42.71171855926514,1.8187177181243896,361.6728515625,0.5027777777777778,0.7876509041804477,0.8269638331866301,0.03694338457924979,42.0
embedding_layer,layer4,transistor,simclr,patchcore,strong,layer4,0.05,512.0,470.0,0.91796875,42.71171855926514,5.452604532241821,365.6923828125,0.80125,0.7833523187145992,0.9140245986990357,0.030435791015625,100.0
embedding_layer,layer4,wood,simclr,patchcore,strong,layer4,0.05,512.0,544.0,1.0625,42.71171855926514,6.634475231170654,365.6923828125,0.7254385964912281,0.9008129505802417,0.7531835686743193,0.036010422284090064,79.0
embedding_layer,layer4,zipper,simclr,patchcore,strong,layer4,0.05,512.0,529.0,1.033203125,42.71171855926514,3.0007965564727783,365.6923828125,0.8188025210084033,0.9198828274982298,0.8075129790082681,0.01630455137088599,151.0
coreset_ratio,0.02,bottle,simclr,patchcore,strong,layer3,0.02,256.0,737.0,0.7197265625,42.71171855926514,3.2606375217437744,368.7978515625,0.9658730158730158,0.990358638463787,0.9516437167121203,0.02237821774310376,83.0
coreset_ratio,0.02,cable,simclr,patchcore,strong,layer3,0.02,256.0,792.0,0.7734375,42.71171855926514,5.754838943481445,368.7978515625,0.6977136431784109,0.8027459842342737,0.8933663616950439,0.03169402599334717,150.0
coreset_ratio,0.02,capsule,simclr,patchcore,strong,layer3,0.02,256.0,772.0,0.75390625,42.71171855926514,5.2878098487854,368.7978515625,0.5524531312325489,0.8562743961996954,0.9343784245188511,0.03154323317787864,132.0
coreset_ratio,0.02,carpet,simclr,patchcore,strong,layer3,0.02,256.0,988.0,0.96484375,42.71171855926514,6.707218408584595,368.7978515625,0.6392455858747994,0.8614951373329032,0.8950722189621002,0.03308279697711651,117.0
coreset_ratio,0.02,grid,simclr,patchcore,strong,layer3,0.02,256.0,933.0,0.9111328125,42.71171855926514,3.449972629547119,368.7978515625,0.5873015873015873,0.7642888228284486,0.6573613947247393,0.020344618039253432,78.0
coreset_ratio,0.02,hazelnut,simclr,patchcore,strong,layer3,0.02,256.0,1380.0,1.34765625,42.71171855926514,9.842184066772461,368.7978515625,0.87,0.9330995254797563,0.9757025634932142,0.03347693573344838,110.0
coreset_ratio,0.02,leather,simclr,patchcore,strong,layer3,0.02,256.0,866.0,0.845703125,42.71171855926514,5.596732139587402,368.7978515625,0.9534646739130435,0.985643568039106,0.9829613087579658,0.02946423715160739,124.0
coreset_ratio,0.02,metal_nut,simclr,patchcore,strong,layer3,0.02,256.0,776.0,0.7578125,42.71171855926514,2.78460431098938,368.7978515625,0.667644183773216,0.8945308268036491,0.8477440761434116,0.017903703192005987,115.0
coreset_ratio,0.02,pill,simclr,patchcore,strong,layer3,0.02,256.0,941.0,0.9189453125,42.71171855926514,4.501019716262817,368.7978515625,0.5567375886524822,0.8834649309132081,0.868279307752329,0.021660898973841866,167.0
coreset_ratio,0.02,screw,simclr,patchcore,strong,layer3,0.02,256.0,1129.0,1.1025390625,42.71171855926514,4.327915906906128,368.7978515625,0.5822914531666326,0.8111293699977522,0.9101882208116213,0.017230749130249023,160.0
coreset_ratio,0.02,tile,simclr,patchcore,strong,layer3,0.02,256.0,811.0,0.7919921875,42.71171855926514,4.344539403915405,368.7978515625,0.8365800865800866,0.9371542659387416,0.6501190265126667,0.02550314226721087,117.0
coreset_ratio,0.02,toothbrush,simclr,patchcore,strong,layer3,0.02,256.0,212.0,0.20703125,42.71171855926514,1.8442025184631348,361.6728515625,0.48611111111111116,0.7142025696949308,0.8846338548022254,0.038419541858491446,42.0
coreset_ratio,0.02,transistor,simclr,patchcore,strong,layer3,0.02,256.0,753.0,0.7353515625,42.71171855926514,5.518576383590698,368.7978515625,0.5983333333333333,0.5823927036789563,0.8253793214803369,0.0319368314743042,100.0
coreset_ratio,0.02,wood,simclr,patchcore,strong,layer3,0.02,256.0,870.0,0.849609375,42.71171855926514,6.637339115142822,368.7978515625,0.8614035087719298,0.9571790521127933,0.7776706443561614,0.037414653391777714,79.0
coreset_ratio,0.02,zipper,simclr,patchcore,strong,layer3,0.02,256.0,847.0,0.8271484375,42.71171855926514,3.066382884979248,368.7978515625,0.7085084033613445,0.8670640563030185,0.921824444100494,0.016733368500968477,151.0
coreset_ratio,0.05,bottle,simclr,patchcore,strong,layer3,0.05,256.0,1842.0,1.798828125,42.71171855926514,3.50101900100708,368.7978515625,0.9753968253968253,0.993154353753432,0.9563036660671039,0.02457465033933341,83.0
coreset_ratio,0.05,cable,simclr,patchcore,strong,layer3,0.05,256.0,1980.0,1.93359375,42.71171855926514,6.0072181224823,368.7978515625,0.6924662668665668,0.7863480057185552,0.9058542726595207,0.033450015385945636,150.0
coreset_ratio,0.05,capsule,simclr,patchcore,strong,layer3,0.05,256.0,1931.0,1.8857421875,42.71171855926514,5.397908687591553,368.7978515625,0.5739928201037097,0.851906224935065,0.9539743336886499,0.03209787245952722,132.0
coreset_ratio,0.05,carpet,simclr,patchcore,strong,layer3,0.05,256.0,2470.0,2.412109375,42.71171855926514,6.830019474029541,368.7978515625,0.6673354735152488,0.8755772888587332,0.9038461509244583,0.03468563006474422,117.0
coreset_ratio,0.05,grid,simclr,patchcore,strong,layer3,0.05,256.0,2332.0,2.27734375,42.71171855926514,3.7066943645477295,368.7978515625,0.6349206349206349,0.8265484558085401,0.7053356069309838,0.019889724560273,78.0
coreset_ratio,0.05,hazelnut,simclr,patchcore,strong,layer3,0.05,256.0,3450.0,3.369140625,42.71171855926514,9.960216999053955,368.7978515625,0.8746428571428573,0.9353487659118374,0.9777309342671051,0.03462915420532227,110.0
coreset_ratio,0.05,leather,simclr,patchcore,strong,layer3,0.05,256.0,2166.0,2.115234375,42.71171855926514,5.709691524505615,368.7978515625,0.9398777173913042,0.9825829261406356,0.9834954012858317,0.030848926113497828,124.0
coreset_ratio,0.05,metal_nut,simclr,patchcore,strong,layer3,0.05,256.0,1940.0,1.89453125,42.71171855926514,2.9566690921783447,368.7978515625,0.6285434995112414,0.8998280767649147,0.8977933524759023,0.019330509849216627,115.0
coreset_ratio,0.05,pill,simclr,patchcore,strong,layer3,0.05,256.0,2352.0,2.296875,42.71171855926514,4.712754964828491,368.7978515625,0.7277686852154938,0.9269012929794712,0.8850047234188388,0.02298468458438348,167.0
coreset_ratio,0.05,screw,simclr,patchcore,strong,layer3,0.05,256.0,2822.0,2.755859375,42.71171855926514,4.505816698074341,368.7978515625,0.6359909817585572,0.8128318862662957,0.9189772179043406,0.018485438823699952,160.0
coreset_ratio,0.05,tile,simclr,patchcore,strong,layer3,0.05,256.0,2029.0,1.9814453125,42.71171855926514,4.433231592178345,368.7978515625,0.806998556998557,0.9209304025426421,0.6520838278987062,0.02607108385134966,117.0
coreset_ratio,0.05,toothbrush,simclr,patchcore,strong,layer3,0.05,256.0,529.0,0.5166015625,42.71171855926514,1.8979058265686035,361.6728515625,0.5083333333333333,0.7901166323829958,0.9308949008469284,0.037849897430056616,42.0
coreset_ratio,0.05,transistor,simclr,patchcore,strong,layer3,0.05,256.0,1882.0,1.837890625,42.71171855926514,5.593585968017578,368.7978515625,0.7208333333333332,0.6837770361953821,0.8695856782628955,0.03162053346633911,100.0
coreset_ratio,0.05,wood,simclr,patchcore,strong,layer3,0.05,256.0,2176.0,2.125,42.71171855926514,6.734031915664673,368.7978515625,0.8833333333333334,0.9628064134835358,0.7875524030545961,0.03755552557450306,79.0
coreset_ratio,0.05,zipper,simclr,patchcore,strong,layer3,0.05,256.0,2117.0,2.0673828125,42.71171855926514,3.1900243759155273,368.7978515625,0.8148634453781513,0.9166200636610311,0.9361830797042516,0.017714119904878124,151.0
coreset_ratio,0.1,bottle,simclr,patchcore,strong,layer3,0.1,256.0,3685.0,3.5986328125,42.71171855926514,3.4796221256256104,368.7978515625,0.9849206349206349,0.9962207105064247,0.9590642305000991,0.02438810360000794,83.0
coreset_ratio,0.1,cable,simclr,patchcore,strong,layer3,0.1,256.0,3959.0,3.8662109375,42.71171855926514,5.9199254512786865,368.7978515625,0.7541229385307346,0.8260973593496314,0.9161242762809789,0.03439279874165853,150.0
coreset_ratio,0.1,capsule,simclr,patchcore,strong,layer3,0.1,256.0,3861.0,3.7705078125,42.71171855926514,5.451498508453369,368.7978515625,0.6358197048264858,0.8830700500489794,0.9581245869794062,0.03299190961953365,132.0
coreset_ratio,0.1,carpet,simclr,patchcore,strong,layer3,0.1,256.0,4939.0,4.8232421875,42.71171855926514,6.69960880279541,368.7978515625,0.6890048154093098,0.8842200506578142,0.9065059585047363,0.035289703271327875,117.0
coreset_ratio,0.1,grid,simclr,patchcore,strong,layer3,0.1,256.0,4665.0,4.5556640625,42.71171855926514,3.5210533142089844,368.7978515625,0.6031746031746033,0.8082328500407236,0.7280795970434913,0.021731774012247723,78.0
coreset_ratio,0.1,hazelnut,simclr,patchcore,strong,layer3,0.1,256.0,6899.0,6.7373046875,42.71171855926514,9.973655700683594,368.7978515625,0.8942857142857144,0.9446878389444098,0.9786432317566822,0.03459838737141002,110.0
coreset_ratio,0.1,leather,simclr,patchcore,strong,layer3,0.1,256.0,4332.0,4.23046875,42.71171855926514,5.851293087005615,368.7978515625,0.9408967391304348,0.9824616761127805,0.9833579076411582,0.03229496171397547,124.0
coreset_ratio,0.1,metal_nut,simclr,patchcore,strong,layer3,0.1,256.0,3881.0,3.7900390625,42.71171855926514,2.901864528656006,368.7978515625,0.6925708699902248,0.9079206805266864,0.9247051439759871,0.019986772537231447,115.0
coreset_ratio,0.1,pill,simclr,patchcore,strong,layer3,0.1,256.0,4704.0,4.59375,42.71171855926514,4.837782382965088,368.7978515625,0.7340425531914894,0.9258693598694295,0.8886575787435759,0.023236945717634554,167.0
coreset_ratio,0.1,screw,simclr,patchcore,strong,layer3,0.1,256.0,5645.0,5.5126953125,42.71171855926514,4.323535680770874,368.7978515625,0.6005328960852634,0.8203464538828424,0.9264348766698279,0.01952718049287796,160.0
coreset_ratio,0.1,tile,simclr,patchcore,strong,layer3,0.1,256.0,4057.0,3.9619140625,42.71171855926514,4.3393800258636475,368.7978515625,0.8160173160173161,0.920453123592661,0.6541530553925193,0.02684914963877099,117.0
coreset_ratio,0.1,toothbrush,simclr,patchcore,strong,layer3,0.1,256.0,1058.0,1.033203125,42.71171855926514,1.9283034801483154,361.6728515625,0.8416666666666667,0.9425328422319001,0.9480858783404565,0.0373838742574056,42.0
coreset_ratio,0.1,transistor,simclr,patchcore,strong,layer3,0.1,256.0,3763.0,3.6748046875,42.71171855926514,5.5036280155181885,368.7978515625,0.7929166666666667,0.7639652210301998,0.8829746886008335,0.031970632076263425,100.0
coreset_ratio,0.1,wood,simclr,patchcore,strong,layer3,0.1,256.0,4351.0,4.2490234375,42.71171855926514,6.684482574462891,368.7978515625,0.8798245614035087,0.9610798943452804,0.7895817478839021,0.0386766995055766,79.0
coreset_ratio,0.1,zipper,simclr,patchcore,strong,layer3,0.1,256.0,4234.0,4.134765625,42.71171855926514,3.2196850776672363,368.7978515625,0.8106617647058824,0.906333479704037,0.9439649045115585,0.018960483816285796,151.0
augmentation_strength,mild,MEAN,simclr,patchcore,mild,layer3,0.05,256.0,2134.5333333333333,2.0845052083333333,42.7114782333374,4.794847377141317,368.3228515625,0.7501122462622066,0.8749013679535892,0.8813448603035293,0.027584729642233397,
augmentation_strength,strong,MEAN,simclr,patchcore,strong,layer3,0.05,256.0,2134.5333333333333,2.0845052083333333,42.71171855926514,4.862934414545695,368.3228515625,0.7367203644459374,0.8741350330496683,0.8850357724076602,0.027282294150358124,
coreset_ratio,0.02,MEAN,simclr,patchcore,strong,layer3,0.02,256.0,853.8,0.8337890625,42.71171855926514,4.861598253250122,368.3228515625,0.7042440870749028,0.8560682565347347,0.8650883256548855,0.027252463573640324,
coreset_ratio,0.05,MEAN,simclr,patchcore,strong,layer3,0.05,256.0,2134.5333333333333,2.0845052083333333,42.71171855926514,5.009119240442912,368.3228515625,0.7390198509466098,0.8776851883602045,0.8843077032926742,0.02811918444087135,
coreset_ratio,0.1,MEAN,simclr,patchcore,strong,layer3,0.1,256.0,4268.866666666667,4.168815104166667,42.71171855926514,4.975687917073568,368.3228515625,0.778030563000329,0.89823277272292,0.8925638441883474,0.028818625091480508,
embedding_layer,layer2,MEAN,simclr,patchcore,strong,layer2,0.05,128.0,5995.0,2.92724609375,42.71171855926514,3.8984633445739747,374.0395182291667,0.755246501626233,0.8808533836260268,0.8868148190924825,0.03550623723484846,
embedding_layer,layer3,MEAN,simclr,patchcore,strong,layer3,0.05,256.0,2134.5333333333333,2.0845052083333333,42.71171855926514,4.873712905248007,368.3228515625,0.755046314502064,0.8857415659490188,0.8830488290746815,0.027266845416648026,
embedding_layer,layer4,MEAN,simclr,patchcore,strong,layer4,0.05,512.0,533.5333333333333,1.0420572916666666,42.71171855926514,4.823194789886474,365.4244140625,0.685764526528956,0.8522239212322494,0.8366765587562635,0.026443647704586144,
